STUDENT_ID,TK_KATOIKIA,COURSE,GRADE,SKILL,EFFECTIVE_A
STU_001,18648,COURSE_SEM1_MEDIUM,9.5,0.09,0.01
STU_001,18648,COURSE_SEM2_MEDIUM,10.0,0.09,0.07
STU_001,18648,COURSE_SEM2_HARD,8.0,0.09,0.15
STU_001,18648,COURSE_SEM2_EASY,8.0,0.09,0.42
STU_001,18648,COURSE_SEM4_HARD,9.5,0.09,0.17
STU_001,18648,COURSE_SEM4_EASY,3.0,0.09,0.24
STU_002,18453,COURSE_SEM1_MEDIUM,9.0,-0.01,-0.09
STU_002,18453,COURSE_SEM2_MEDIUM,10.0,-0.01,-0.03
STU_002,18453,COURSE_SEM2_HARD,9.5,-0.01,-0.23
STU_002,18453,COURSE_SEM2_EASY,10.0,-0.01,0.32
STU_002,18453,COURSE_SEM4_HARD,2.0,-0.01,-0.47
STU_002,18453,COURSE_SEM4_EASY,10.0,-0.01,0.14
STU_003,11255,COURSE_SEM1_MEDIUM,5.5,-0.1,-0.18
STU_003,11255,COURSE_SEM2_MEDIUM,7.5,-0.1,-0.12
STU_003,11255,COURSE_SEM2_HARD,1.0,-0.1,-0.32
STU_003,11255,COURSE_SEM2_EASY,8.0,-0.1,0.23
STU_003,11255,COURSE_SEM4_HARD,1.5,-0.1,-0.56
STU_003,11255,COURSE_SEM4_EASY,9.5,-0.1,0.05
STU_004,17655,COURSE_SEM1_MEDIUM,5.0,0.07,-0.01
STU_004,17655,COURSE_SEM2_MEDIUM,10.0,0.07,0.05
STU_004,17655,COURSE_SEM2_HARD,9.5,0.07,0.13
STU_004,17655,COURSE_SEM2_EASY,8.0,0.07,0.4
STU_004,17655,COURSE_SEM4_HARD,10.0,0.07,0.15
STU_004,17655,COURSE_SEM4_EASY,3.5,0.07,0.22
STU_005,14341,COURSE_SEM1_MEDIUM,5.0,-0.0,-0.08
STU_005,14341,COURSE_SEM2_MEDIUM,8.0,-0.0,-0.02
STU_005,14341,COURSE_SEM2_HARD,5.0,-0.0,-0.22
STU_005,14341,COURSE_SEM2_EASY,8.0,-0.0,0.33
STU_005,14341,COURSE_SEM4_HARD,3.0,-0.0,0.08
STU_005,14341,COURSE_SEM4_EASY,10.0,-0.0,0.15
STU_006,12133,COURSE_SEM1_MEDIUM,0.0,-0.01,-0.09
STU_006,12133,COURSE_SEM2_MEDIUM,6.0,-0.01,-0.03
STU_006,12133,COURSE_SEM2_HARD,3.0,-0.01,-0.23
STU_006,12133,COURSE_SEM2_EASY,4.5,-0.01,0.32
STU_006,12133,COURSE_SEM4_HARD,2.0,-0.01,-0.47
STU_006,12133,COURSE_SEM4_EASY,10.0,-0.01,0.14
STU_007,17122,COURSE_SEM1_MEDIUM,3.0,-0.07,-0.15
STU_007,17122,COURSE_SEM2_MEDIUM,6.0,-0.07,-0.09
STU_007,17122,COURSE_SEM2_HARD,3.0,-0.07,-0.29
STU_007,17122,COURSE_SEM2_EASY,9.5,-0.07,0.26
STU_007,17122,COURSE_SEM4_HARD,1.0,-0.07,-0.53
STU_007,17122,COURSE_SEM4_EASY,9.0,-0.07,0.08
STU_008,10551,COURSE_SEM1_MEDIUM,9.5,0.02,-0.06
STU_008,10551,COURSE_SEM2_MEDIUM,7.0,0.02,-0.0
STU_008,10551,COURSE_SEM2_HARD,7.5,0.02,0.08
STU_008,10551,COURSE_SEM2_EASY,10.0,0.02,0.35
STU_008,10551,COURSE_SEM4_HARD,2.0,0.02,-0.44
STU_008,10551,COURSE_SEM4_EASY,6.0,0.02,0.17
STU_009,19001,COURSE_SEM1_MEDIUM,5.0,-0.07,-0.15
STU_009,19001,COURSE_SEM2_MEDIUM,2.5,-0.07,-0.09
STU_009,19001,COURSE_SEM2_HARD,1.0,-0.07,-0.29
STU_009,19001,COURSE_SEM2_EASY,9.5,-0.07,0.26
STU_009,19001,COURSE_SEM4_HARD,8.0,-0.07,-0.53
STU_009,19001,COURSE_SEM4_EASY,3.0,-0.07,0.08
STU_010,14122,COURSE_SEM1_MEDIUM,5.5,0.01,-0.07
STU_010,14122,COURSE_SEM2_MEDIUM,1.0,0.01,-0.01
STU_010,14122,COURSE_SEM2_HARD,3.0,0.01,-0.21
STU_010,14122,COURSE_SEM2_EASY,6.5,0.01,0.34
STU_010,14122,COURSE_SEM4_HARD,4.5,0.01,-0.45
STU_010,14122,COURSE_SEM4_EASY,7.5,0.01,0.16
STU_011,10440,COURSE_SEM1_MEDIUM,9.5,0.08,0.0
STU_011,10440,COURSE_SEM2_MEDIUM,10.0,0.08,0.06
STU_011,10440,COURSE_SEM2_HARD,8.5,0.08,0.14
STU_011,10440,COURSE_SEM2_EASY,10.0,0.08,0.41
STU_011,10440,COURSE_SEM4_HARD,9.5,0.08,0.16
STU_011,10440,COURSE_SEM4_EASY,10.0,0.08,0.23
STU_012,19008,COURSE_SEM1_MEDIUM,5.0,0.01,-0.07
STU_012,19008,COURSE_SEM2_MEDIUM,10.0,0.01,-0.01
STU_012,19008,COURSE_SEM2_HARD,5.0,0.01,-0.21
STU_012,19008,COURSE_SEM2_EASY,10.0,0.01,0.34
STU_012,19008,COURSE_SEM4_HARD,1.0,0.01,-0.45
STU_012,19008,COURSE_SEM4_EASY,10.0,0.01,0.16
STU_013,12351,COURSE_SEM1_MEDIUM,3.0,-0.1,-0.18
STU_013,12351,COURSE_SEM2_MEDIUM,6.5,-0.1,-0.12
STU_013,12351,COURSE_SEM2_HARD,0.0,-0.1,-0.32
STU_013,12351,COURSE_SEM2_EASY,5.5,-0.1,0.23
STU_013,12351,COURSE_SEM4_HARD,5.0,-0.1,-0.56
STU_013,12351,COURSE_SEM4_EASY,0.0,-0.1,0.05
STU_014,13344,COURSE_SEM1_MEDIUM,4.5,0.1,0.02
STU_014,13344,COURSE_SEM2_MEDIUM,5.0,0.1,0.08
STU_014,13344,COURSE_SEM2_HARD,5.0,0.1,-0.12
STU_014,13344,COURSE_SEM2_EASY,10.0,0.1,0.43
STU_014,13344,COURSE_SEM4_HARD,0.0,0.1,-0.36
STU_014,13344,COURSE_SEM4_EASY,7.5,0.1,0.25
STU_015,10436,COURSE_SEM1_MEDIUM,8.5,0.08,0.0
STU_015,10436,COURSE_SEM2_MEDIUM,8.5,0.08,0.06
STU_015,10436,COURSE_SEM2_HARD,6.5,0.08,-0.14
STU_015,10436,COURSE_SEM2_EASY,7.5,0.08,0.41
STU_015,10436,COURSE_SEM4_HARD,10.0,0.08,0.16
STU_015,10436,COURSE_SEM4_EASY,10.0,0.08,0.23
STU_016,18450,COURSE_SEM1_MEDIUM,9.5,-0.01,-0.09
STU_016,18450,COURSE_SEM2_MEDIUM,9.5,-0.01,-0.03
STU_016,18450,COURSE_SEM2_HARD,5.0,-0.01,-0.23
STU_016,18450,COURSE_SEM2_EASY,10.0,-0.01,0.32
STU_016,18450,COURSE_SEM4_HARD,8.0,-0.01,0.07
STU_016,18450,COURSE_SEM4_EASY,10.0,-0.01,0.14
STU_017,11141,COURSE_SEM1_MEDIUM,6.0,0.07,-0.01
STU_017,11141,COURSE_SEM2_MEDIUM,9.0,0.07,0.05
STU_017,11141,COURSE_SEM2_HARD,0.5,0.07,-0.15
STU_017,11141,COURSE_SEM2_EASY,10.0,0.07,0.4
STU_017,11141,COURSE_SEM4_HARD,5.0,0.07,-0.39
STU_017,11141,COURSE_SEM4_EASY,8.0,0.07,0.22
STU_018,10562,COURSE_SEM1_MEDIUM,6.0,-0.01,-0.09
STU_018,10562,COURSE_SEM2_MEDIUM,2.5,-0.01,-0.03
STU_018,10562,COURSE_SEM2_HARD,3.0,-0.01,0.05
STU_018,10562,COURSE_SEM2_EASY,6.5,-0.01,0.32
STU_018,10562,COURSE_SEM4_HARD,0.0,-0.01,-0.47
STU_018,10562,COURSE_SEM4_EASY,10.0,-0.01,0.14
STU_019,18233,COURSE_SEM1_MEDIUM,6.0,-0.09,-0.17
STU_019,18233,COURSE_SEM2_MEDIUM,5.0,-0.09,-0.11
STU_019,18233,COURSE_SEM2_HARD,2.0,-0.09,-0.31
STU_019,18233,COURSE_SEM2_EASY,9.0,-0.09,0.24
STU_019,18233,COURSE_SEM4_HARD,1.0,-0.09,-0.55
STU_019,18233,COURSE_SEM4_EASY,5.0,-0.09,0.06
STU_020,12131,COURSE_SEM1_MEDIUM,8.5,0.08,0.0
STU_020,12131,COURSE_SEM2_MEDIUM,9.5,0.08,0.06
STU_020,12131,COURSE_SEM2_HARD,8.0,0.08,0.14
STU_020,12131,COURSE_SEM2_EASY,10.0,0.08,0.41
STU_020,12131,COURSE_SEM4_HARD,3.0,0.08,0.16
STU_020,12131,COURSE_SEM4_EASY,10.0,0.08,0.23
STU_021,17655,COURSE_SEM1_MEDIUM,9.5,-0.01,-0.09
STU_021,17655,COURSE_SEM2_MEDIUM,3.5,-0.01,-0.03
STU_021,17655,COURSE_SEM2_HARD,7.0,-0.01,-0.23
STU_021,17655,COURSE_SEM2_EASY,10.0,-0.01,0.32
STU_021,17655,COURSE_SEM4_HARD,2.0,-0.01,-0.47
STU_021,17655,COURSE_SEM4_EASY,5.0,-0.01,0.14
STU_022,13501,COURSE_SEM1_MEDIUM,3.0,-0.01,-0.09
STU_022,13501,COURSE_SEM2_MEDIUM,2.0,-0.01,-0.03
STU_022,13501,COURSE_SEM2_HARD,3.0,-0.01,-0.23
STU_022,13501,COURSE_SEM2_EASY,10.0,-0.01,0.32
STU_022,13501,COURSE_SEM4_HARD,3.0,-0.01,-0.47
STU_022,13501,COURSE_SEM4_EASY,8.5,-0.01,0.14
STU_023,14341,COURSE_SEM1_MEDIUM,1.0,-0.02,-0.1
STU_023,14341,COURSE_SEM2_MEDIUM,8.5,-0.02,-0.04
STU_023,14341,COURSE_SEM2_HARD,10.0,-0.02,0.04
STU_023,14341,COURSE_SEM2_EASY,3.5,-0.02,0.31
STU_023,14341,COURSE_SEM4_HARD,8.0,-0.02,0.06
STU_023,14341,COURSE_SEM4_EASY,0.5,-0.02,0.13
STU_024,14564,COURSE_SEM1_MEDIUM,0.5,0.01,-0.07
STU_024,14564,COURSE_SEM2_MEDIUM,6.0,0.01,-0.01
STU_024,14564,COURSE_SEM2_HARD,3.0,0.01,-0.21
STU_024,14564,COURSE_SEM2_EASY,10.0,0.01,0.34
STU_024,14564,COURSE_SEM4_HARD,0.0,0.01,-0.45
STU_024,14564,COURSE_SEM4_EASY,5.0,0.01,0.16
STU_025,18545,COURSE_SEM1_MEDIUM,10.0,0.08,-0.0
STU_025,18545,COURSE_SEM2_MEDIUM,10.0,0.08,0.06
STU_025,18545,COURSE_SEM2_HARD,5.5,0.08,0.14
STU_025,18545,COURSE_SEM2_EASY,5.5,0.08,0.41
STU_025,18545,COURSE_SEM4_HARD,2.0,0.08,-0.38
STU_025,18545,COURSE_SEM4_EASY,10.0,0.08,0.23
STU_026,14121,COURSE_SEM1_MEDIUM,1.0,0.01,-0.07
STU_026,14121,COURSE_SEM2_MEDIUM,8.5,0.01,-0.01
STU_026,14121,COURSE_SEM2_HARD,3.0,0.01,-0.21
STU_026,14121,COURSE_SEM2_EASY,9.0,0.01,0.34
STU_026,14121,COURSE_SEM4_HARD,2.0,0.01,-0.45
STU_026,14121,COURSE_SEM4_EASY,10.0,0.01,0.16
STU_027,10440,COURSE_SEM1_MEDIUM,10.0,0.07,-0.01
STU_027,10440,COURSE_SEM2_MEDIUM,10.0,0.07,0.05
STU_027,10440,COURSE_SEM2_HARD,10.0,0.07,0.13
STU_027,10440,COURSE_SEM2_EASY,10.0,0.07,0.4
STU_027,10440,COURSE_SEM4_HARD,0.0,0.07,-0.39
STU_027,10440,COURSE_SEM4_EASY,5.0,0.07,0.22
STU_028,18534,COURSE_SEM1_MEDIUM,0.0,-0.07,-0.15
STU_028,18534,COURSE_SEM2_MEDIUM,1.0,-0.07,-0.09
STU_028,18534,COURSE_SEM2_HARD,2.0,-0.07,-0.29
STU_028,18534,COURSE_SEM2_EASY,8.0,-0.07,0.26
STU_028,18534,COURSE_SEM4_HARD,1.0,-0.07,-0.53
STU_028,18534,COURSE_SEM4_EASY,10.0,-0.07,0.08
STU_029,10563,COURSE_SEM1_MEDIUM,8.5,-0.01,-0.09
STU_029,10563,COURSE_SEM2_MEDIUM,6.0,-0.01,-0.03
STU_029,10563,COURSE_SEM2_HARD,10.0,-0.01,0.05
STU_029,10563,COURSE_SEM2_EASY,9.5,-0.01,0.32
STU_029,10563,COURSE_SEM4_HARD,0.0,-0.01,-0.47
STU_029,10563,COURSE_SEM4_EASY,7.0,-0.01,0.14
STU_030,13351,COURSE_SEM1_MEDIUM,0.5,-0.06,-0.14
STU_030,13351,COURSE_SEM2_MEDIUM,7.0,-0.06,-0.08
STU_030,13351,COURSE_SEM2_HARD,2.5,-0.06,-0.28
STU_030,13351,COURSE_SEM2_EASY,8.0,-0.06,0.27
STU_030,13351,COURSE_SEM4_HARD,0.0,-0.06,-0.52
STU_030,13351,COURSE_SEM4_EASY,8.0,-0.06,0.09
STU_031,15772,COURSE_SEM1_MEDIUM,5.0,-0.09,-0.17
STU_031,15772,COURSE_SEM2_MEDIUM,4.5,-0.09,-0.11
STU_031,15772,COURSE_SEM2_HARD,10.0,-0.09,-0.31
STU_031,15772,COURSE_SEM2_EASY,8.0,-0.09,0.24
STU_031,15772,COURSE_SEM4_HARD,0.0,-0.09,-0.55
STU_031,15772,COURSE_SEM4_EASY,10.0,-0.09,0.06
STU_032,16231,COURSE_SEM1_MEDIUM,8.5,0.01,-0.07
STU_032,16231,COURSE_SEM2_MEDIUM,0.0,0.01,-0.01
STU_032,16231,COURSE_SEM2_HARD,5.5,0.01,-0.21
STU_032,16231,COURSE_SEM2_EASY,9.0,0.01,0.34
STU_032,16231,COURSE_SEM4_HARD,10.0,0.01,0.09
STU_032,16231,COURSE_SEM4_EASY,8.5,0.01,0.16
STU_033,13671,COURSE_SEM1_MEDIUM,7.5,0.08,0.0
STU_033,13671,COURSE_SEM2_MEDIUM,1.0,0.08,0.06
STU_033,13671,COURSE_SEM2_HARD,10.0,0.08,0.14
STU_033,13671,COURSE_SEM2_EASY,9.5,0.08,0.41
STU_033,13671,COURSE_SEM4_HARD,2.0,0.08,-0.38
STU_033,13671,COURSE_SEM4_EASY,10.0,0.08,0.23
STU_034,10445,COURSE_SEM1_MEDIUM,2.0,-0.08,-0.16
STU_034,10445,COURSE_SEM2_MEDIUM,10.0,-0.08,-0.1
STU_034,10445,COURSE_SEM2_HARD,3.0,-0.08,-0.3
STU_034,10445,COURSE_SEM2_EASY,9.5,-0.08,0.25
STU_034,10445,COURSE_SEM4_HARD,9.5,-0.08,-0.54
STU_034,10445,COURSE_SEM4_EASY,2.0,-0.08,0.07
STU_035,17122,COURSE_SEM1_MEDIUM,8.0,0.08,-0.0
STU_035,17122,COURSE_SEM2_MEDIUM,1.0,0.08,0.06
STU_035,17122,COURSE_SEM2_HARD,10.0,0.08,0.14
STU_035,17122,COURSE_SEM2_EASY,7.0,0.08,0.41
STU_035,17122,COURSE_SEM4_HARD,7.5,0.08,0.16
STU_035,17122,COURSE_SEM4_EASY,3.5,0.08,0.23
STU_036,10441,COURSE_SEM1_MEDIUM,9.0,0.02,-0.06
STU_036,10441,COURSE_SEM2_MEDIUM,8.5,0.02,-0.0
STU_036,10441,COURSE_SEM2_HARD,0.5,0.02,-0.2
STU_036,10441,COURSE_SEM2_EASY,5.0,0.02,0.35
STU_036,10441,COURSE_SEM4_HARD,6.0,0.02,0.1
STU_036,10441,COURSE_SEM4_EASY,6.0,0.02,0.17
STU_037,16122,COURSE_SEM1_MEDIUM,1.0,0.0,-0.08
STU_037,16122,COURSE_SEM2_MEDIUM,8.5,0.0,-0.02
STU_037,16122,COURSE_SEM2_HARD,0.0,0.0,-0.22
STU_037,16122,COURSE_SEM2_EASY,10.0,0.0,0.33
STU_037,16122,COURSE_SEM4_HARD,6.5,0.0,-0.46
STU_037,16122,COURSE_SEM4_EASY,6.5,0.0,0.15
STU_038,18756,COURSE_SEM1_MEDIUM,2.0,-0.1,-0.18
STU_038,18756,COURSE_SEM2_MEDIUM,1.0,-0.1,-0.12
STU_038,18756,COURSE_SEM2_HARD,1.0,-0.1,-0.32
STU_038,18756,COURSE_SEM2_EASY,7.0,-0.1,0.23
STU_038,18756,COURSE_SEM4_HARD,2.0,-0.1,-0.56
STU_038,18756,COURSE_SEM4_EASY,5.0,-0.1,0.05
STU_039,18863,COURSE_SEM1_MEDIUM,0.0,-0.06,-0.14
STU_039,18863,COURSE_SEM2_MEDIUM,5.0,-0.06,-0.08
STU_039,18863,COURSE_SEM2_HARD,1.0,-0.06,-0.28
STU_039,18863,COURSE_SEM2_EASY,10.0,-0.06,0.27
STU_039,18863,COURSE_SEM4_HARD,2.0,-0.06,-0.52
STU_039,18863,COURSE_SEM4_EASY,5.5,-0.06,0.09
STU_040,18452,COURSE_SEM1_MEDIUM,2.0,0.09,0.01
STU_040,18452,COURSE_SEM2_MEDIUM,8.5,0.09,0.07
STU_040,18452,COURSE_SEM2_HARD,10.0,0.09,0.15
STU_040,18452,COURSE_SEM2_EASY,10.0,0.09,0.42
STU_040,18452,COURSE_SEM4_HARD,7.5,0.09,0.17
STU_040,18452,COURSE_SEM4_EASY,10.0,0.09,0.24
STU_041,18543,COURSE_SEM1_MEDIUM,8.5,0.01,-0.07
STU_041,18543,COURSE_SEM2_MEDIUM,1.5,0.01,-0.01
STU_041,18543,COURSE_SEM2_HARD,0.0,0.01,-0.21
STU_041,18543,COURSE_SEM2_EASY,9.0,0.01,0.34
STU_041,18543,COURSE_SEM4_HARD,5.0,0.01,-0.45
STU_041,18543,COURSE_SEM4_EASY,5.0,0.01,0.16
STU_042,16452,COURSE_SEM1_MEDIUM,10.0,0.01,-0.07
STU_042,16452,COURSE_SEM2_MEDIUM,7.5,0.01,-0.01
STU_042,16452,COURSE_SEM2_HARD,1.0,0.01,-0.21
STU_042,16452,COURSE_SEM2_EASY,7.5,0.01,0.34
STU_042,16452,COURSE_SEM4_HARD,0.5,0.01,-0.45
STU_042,16452,COURSE_SEM4_EASY,10.0,0.01,0.16
STU_043,10680,COURSE_SEM1_MEDIUM,5.0,0.09,0.01
STU_043,10680,COURSE_SEM2_MEDIUM,3.5,0.09,0.07
STU_043,10680,COURSE_SEM2_HARD,9.5,0.09,0.15
STU_043,10680,COURSE_SEM2_EASY,10.0,0.09,0.42
STU_043,10680,COURSE_SEM4_HARD,4.0,0.09,-0.37
STU_043,10680,COURSE_SEM4_EASY,10.0,0.09,0.24
STU_044,12462,COURSE_SEM1_MEDIUM,10.0,0.08,-0.0
STU_044,12462,COURSE_SEM2_MEDIUM,10.0,0.08,0.06
STU_044,12462,COURSE_SEM2_HARD,10.0,0.08,-0.14
STU_044,12462,COURSE_SEM2_EASY,10.0,0.08,0.41
STU_044,12462,COURSE_SEM4_HARD,0.0,0.08,-0.38
STU_044,12462,COURSE_SEM4_EASY,10.0,0.08,0.23
STU_045,12461,COURSE_SEM1_MEDIUM,1.0,0.02,-0.06
STU_045,12461,COURSE_SEM2_MEDIUM,9.0,0.02,-0.0
STU_045,12461,COURSE_SEM2_HARD,8.5,0.02,-0.2
STU_045,12461,COURSE_SEM2_EASY,10.0,0.02,0.35
STU_045,12461,COURSE_SEM4_HARD,0.0,0.02,-0.44
STU_045,12461,COURSE_SEM4_EASY,10.0,0.02,0.17
STU_046,16777,COURSE_SEM1_MEDIUM,2.5,-0.07,-0.15
STU_046,16777,COURSE_SEM2_MEDIUM,2.5,-0.07,-0.09
STU_046,16777,COURSE_SEM2_HARD,0.5,-0.07,-0.29
STU_046,16777,COURSE_SEM2_EASY,9.0,-0.07,0.26
STU_046,16777,COURSE_SEM4_HARD,0.0,-0.07,-0.53
STU_046,16777,COURSE_SEM4_EASY,7.0,-0.07,0.08
STU_047,15238,COURSE_SEM1_MEDIUM,4.5,-0.02,-0.1
STU_047,15238,COURSE_SEM2_MEDIUM,5.5,-0.02,-0.04
STU_047,15238,COURSE_SEM2_HARD,7.0,-0.02,0.04
STU_047,15238,COURSE_SEM2_EASY,10.0,-0.02,0.31
STU_047,15238,COURSE_SEM4_HARD,6.0,-0.02,0.06
STU_047,15238,COURSE_SEM4_EASY,1.0,-0.02,0.13
STU_048,18757,COURSE_SEM1_MEDIUM,10.0,-0.02,-0.1
STU_048,18757,COURSE_SEM2_MEDIUM,10.0,-0.02,-0.04
STU_048,18757,COURSE_SEM2_HARD,8.0,-0.02,-0.24
STU_048,18757,COURSE_SEM2_EASY,10.0,-0.02,0.31
STU_048,18757,COURSE_SEM4_HARD,2.5,-0.02,-0.48
STU_048,18757,COURSE_SEM4_EASY,6.0,-0.02,0.13
STU_049,16562,COURSE_SEM1_MEDIUM,3.0,0.0,-0.08
STU_049,16562,COURSE_SEM2_MEDIUM,9.5,0.0,-0.02
STU_049,16562,COURSE_SEM2_HARD,0.0,0.0,-0.22
STU_049,16562,COURSE_SEM2_EASY,10.0,0.0,0.33
STU_049,16562,COURSE_SEM4_HARD,1.0,0.0,-0.46
STU_049,16562,COURSE_SEM4_EASY,6.5,0.0,0.15
STU_050,15237,COURSE_SEM1_MEDIUM,2.0,0.01,-0.07
STU_050,15237,COURSE_SEM2_MEDIUM,10.0,0.01,-0.01
STU_050,15237,COURSE_SEM2_HARD,5.0,0.01,-0.21
STU_050,15237,COURSE_SEM2_EASY,7.0,0.01,0.34
STU_050,15237,COURSE_SEM4_HARD,2.5,0.01,-0.45
STU_050,15237,COURSE_SEM4_EASY,10.0,0.01,0.16
STU_051,13343,COURSE_SEM1_MEDIUM,9.0,-0.01,-0.09
STU_051,13343,COURSE_SEM2_MEDIUM,7.5,-0.01,-0.03
STU_051,13343,COURSE_SEM2_HARD,5.0,-0.01,-0.23
STU_051,13343,COURSE_SEM2_EASY,9.0,-0.01,0.32
STU_051,13343,COURSE_SEM4_HARD,10.0,-0.01,-0.47
STU_051,13343,COURSE_SEM4_EASY,5.0,-0.01,0.14
STU_052,10681,COURSE_SEM1_MEDIUM,5.0,0.08,0.0
STU_052,10681,COURSE_SEM2_MEDIUM,1.5,0.08,0.06
STU_052,10681,COURSE_SEM2_HARD,3.0,0.08,-0.14
STU_052,10681,COURSE_SEM2_EASY,9.0,0.08,0.41
STU_052,10681,COURSE_SEM4_HARD,1.0,0.08,-0.38
STU_052,10681,COURSE_SEM4_EASY,10.0,0.08,0.23
STU_053,12133,COURSE_SEM1_MEDIUM,1.0,0.01,-0.07
STU_053,12133,COURSE_SEM2_MEDIUM,5.5,0.01,-0.01
STU_053,12133,COURSE_SEM2_HARD,7.0,0.01,-0.21
STU_053,12133,COURSE_SEM2_EASY,9.5,0.01,0.34
STU_053,12133,COURSE_SEM4_HARD,1.0,0.01,-0.45
STU_053,12133,COURSE_SEM4_EASY,8.5,0.01,0.16
STU_054,19001,COURSE_SEM1_MEDIUM,2.0,-0.02,-0.1
STU_054,19001,COURSE_SEM2_MEDIUM,7.5,-0.02,-0.04
STU_054,19001,COURSE_SEM2_HARD,0.5,-0.02,-0.24
STU_054,19001,COURSE_SEM2_EASY,9.5,-0.02,0.31
STU_054,19001,COURSE_SEM4_HARD,2.0,-0.02,-0.48
STU_054,19001,COURSE_SEM4_EASY,10.0,-0.02,0.13
STU_055,17234,COURSE_SEM1_MEDIUM,3.0,-0.08,-0.16
STU_055,17234,COURSE_SEM2_MEDIUM,0.0,-0.08,-0.1
STU_055,17234,COURSE_SEM2_HARD,2.0,-0.08,-0.3
STU_055,17234,COURSE_SEM2_EASY,10.0,-0.08,0.25
STU_055,17234,COURSE_SEM4_HARD,1.5,-0.08,-0.54
STU_055,17234,COURSE_SEM4_EASY,1.0,-0.08,0.07
STU_056,18536,COURSE_SEM1_MEDIUM,2.0,-0.09,-0.17
STU_056,18536,COURSE_SEM2_MEDIUM,5.0,-0.09,-0.11
STU_056,18536,COURSE_SEM2_HARD,5.0,-0.09,-0.31
STU_056,18536,COURSE_SEM2_EASY,1.5,-0.09,0.24
STU_056,18536,COURSE_SEM4_HARD,5.0,-0.09,-0.55
STU_056,18536,COURSE_SEM4_EASY,1.5,-0.09,0.06
STU_057,11855,COURSE_SEM1_MEDIUM,7.5,0.01,-0.07
STU_057,11855,COURSE_SEM2_MEDIUM,1.0,0.01,-0.01
STU_057,11855,COURSE_SEM2_HARD,2.0,0.01,0.07
STU_057,11855,COURSE_SEM2_EASY,3.0,0.01,0.34
STU_057,11855,COURSE_SEM4_HARD,0.5,0.01,-0.45
STU_057,11855,COURSE_SEM4_EASY,10.0,0.01,0.16
STU_058,18346,COURSE_SEM1_MEDIUM,6.0,0.08,0.0
STU_058,18346,COURSE_SEM2_MEDIUM,1.0,0.08,0.06
STU_058,18346,COURSE_SEM2_HARD,5.0,0.08,0.14
STU_058,18346,COURSE_SEM2_EASY,10.0,0.08,0.41
STU_058,18346,COURSE_SEM4_HARD,8.5,0.08,-0.38
STU_058,18346,COURSE_SEM4_EASY,8.0,0.08,0.23
STU_059,10443,COURSE_SEM1_MEDIUM,7.5,0.1,0.02
STU_059,10443,COURSE_SEM2_MEDIUM,6.0,0.1,0.08
STU_059,10443,COURSE_SEM2_HARD,10.0,0.1,0.16
STU_059,10443,COURSE_SEM2_EASY,10.0,0.1,0.43
STU_059,10443,COURSE_SEM4_HARD,10.0,0.1,0.18
STU_059,10443,COURSE_SEM4_EASY,7.0,0.1,0.25
STU_060,11141,COURSE_SEM1_MEDIUM,5.0,0.01,-0.07
STU_060,11141,COURSE_SEM2_MEDIUM,6.5,0.01,-0.01
STU_060,11141,COURSE_SEM2_HARD,0.0,0.01,-0.21
STU_060,11141,COURSE_SEM2_EASY,10.0,0.01,0.34
STU_060,11141,COURSE_SEM4_HARD,10.0,0.01,0.09
STU_060,11141,COURSE_SEM4_EASY,6.0,0.01,0.16
STU_061,10677,COURSE_SEM1_MEDIUM,3.5,0.0,-0.08
STU_061,10677,COURSE_SEM2_MEDIUM,3.5,0.0,-0.02
STU_061,10677,COURSE_SEM2_HARD,10.0,0.0,0.06
STU_061,10677,COURSE_SEM2_EASY,10.0,0.0,0.33
STU_061,10677,COURSE_SEM4_HARD,3.0,0.0,-0.46
STU_061,10677,COURSE_SEM4_EASY,5.0,0.0,0.15
STU_062,11635,COURSE_SEM1_MEDIUM,2.5,0.07,-0.01
STU_062,11635,COURSE_SEM2_MEDIUM,6.0,0.07,0.05
STU_062,11635,COURSE_SEM2_HARD,7.0,0.07,0.13
STU_062,11635,COURSE_SEM2_EASY,10.0,0.07,0.4
STU_062,11635,COURSE_SEM4_HARD,8.0,0.07,0.15
STU_062,11635,COURSE_SEM4_EASY,10.0,0.07,0.22
STU_063,13674,COURSE_SEM1_MEDIUM,6.0,0.0,-0.08
STU_063,13674,COURSE_SEM2_MEDIUM,7.0,0.0,-0.02
STU_063,13674,COURSE_SEM2_HARD,9.5,0.0,0.06
STU_063,13674,COURSE_SEM2_EASY,9.5,0.0,0.33
STU_063,13674,COURSE_SEM4_HARD,2.0,0.0,-0.46
STU_063,13674,COURSE_SEM4_EASY,8.0,0.0,0.15
STU_064,14123,COURSE_SEM1_MEDIUM,3.0,-0.09,-0.17
STU_064,14123,COURSE_SEM2_MEDIUM,5.0,-0.09,-0.11
STU_064,14123,COURSE_SEM2_HARD,2.0,-0.09,-0.31
STU_064,14123,COURSE_SEM2_EASY,10.0,-0.09,0.24
STU_064,14123,COURSE_SEM4_HARD,3.0,-0.09,-0.55
STU_064,14123,COURSE_SEM4_EASY,2.0,-0.09,0.06
STU_065,11741,COURSE_SEM1_MEDIUM,5.0,0.09,0.01
STU_065,11741,COURSE_SEM2_MEDIUM,10.0,0.09,0.07
STU_065,11741,COURSE_SEM2_HARD,10.0,0.09,0.15
STU_065,11741,COURSE_SEM2_EASY,8.5,0.09,0.42
STU_065,11741,COURSE_SEM4_HARD,7.0,0.09,0.17
STU_065,11741,COURSE_SEM4_EASY,10.0,0.09,0.24
STU_066,17655,COURSE_SEM1_MEDIUM,10.0,0.09,0.01
STU_066,17655,COURSE_SEM2_MEDIUM,4.0,0.09,0.07
STU_066,17655,COURSE_SEM2_HARD,3.5,0.09,-0.13
STU_066,17655,COURSE_SEM2_EASY,10.0,0.09,0.42
STU_066,17655,COURSE_SEM4_HARD,0.5,0.09,-0.37
STU_066,17655,COURSE_SEM4_EASY,8.0,0.09,0.24
STU_067,13123,COURSE_SEM1_MEDIUM,2.0,-0.07,-0.15
STU_067,13123,COURSE_SEM2_MEDIUM,1.5,-0.07,-0.09
STU_067,13123,COURSE_SEM2_HARD,2.5,-0.07,-0.29
STU_067,13123,COURSE_SEM2_EASY,3.0,-0.07,0.26
STU_067,13123,COURSE_SEM4_HARD,1.0,-0.07,-0.53
STU_067,13123,COURSE_SEM4_EASY,2.0,-0.07,0.08
STU_068,17778,COURSE_SEM1_MEDIUM,2.0,-0.01,-0.09
STU_068,17778,COURSE_SEM2_MEDIUM,3.0,-0.01,-0.03
STU_068,17778,COURSE_SEM2_HARD,2.0,-0.01,-0.23
STU_068,17778,COURSE_SEM2_EASY,10.0,-0.01,0.32
STU_068,17778,COURSE_SEM4_HARD,0.0,-0.01,-0.47
STU_068,17778,COURSE_SEM4_EASY,6.0,-0.01,0.14
STU_069,10555,COURSE_SEM1_MEDIUM,10.0,0.07,-0.01
STU_069,10555,COURSE_SEM2_MEDIUM,6.0,0.07,0.05
STU_069,10555,COURSE_SEM2_HARD,8.5,0.07,-0.15
STU_069,10555,COURSE_SEM2_EASY,10.0,0.07,0.4
STU_069,10555,COURSE_SEM4_HARD,2.0,0.07,-0.39
STU_069,10555,COURSE_SEM4_EASY,10.0,0.07,0.22
STU_070,11855,COURSE_SEM1_MEDIUM,9.0,0.09,0.01
STU_070,11855,COURSE_SEM2_MEDIUM,10.0,0.09,0.07
STU_070,11855,COURSE_SEM2_HARD,10.0,0.09,0.15
STU_070,11855,COURSE_SEM2_EASY,10.0,0.09,0.42
STU_070,11855,COURSE_SEM4_HARD,4.0,0.09,-0.37
STU_070,11855,COURSE_SEM4_EASY,3.0,0.09,0.24
STU_071,19008,COURSE_SEM1_MEDIUM,8.5,0.08,0.0
STU_071,19008,COURSE_SEM2_MEDIUM,5.0,0.08,0.06
STU_071,19008,COURSE_SEM2_HARD,7.5,0.08,0.14
STU_071,19008,COURSE_SEM2_EASY,6.0,0.08,0.41
STU_071,19008,COURSE_SEM4_HARD,1.0,0.08,-0.38
STU_071,19008,COURSE_SEM4_EASY,10.0,0.08,0.23
STU_072,13121,COURSE_SEM1_MEDIUM,10.0,-0.02,-0.1
STU_072,13121,COURSE_SEM2_MEDIUM,1.5,-0.02,-0.04
STU_072,13121,COURSE_SEM2_HARD,10.0,-0.02,0.04
STU_072,13121,COURSE_SEM2_EASY,10.0,-0.02,0.31
STU_072,13121,COURSE_SEM4_HARD,1.5,-0.02,-0.48
STU_072,13121,COURSE_SEM4_EASY,9.0,-0.02,0.13
STU_073,14568,COURSE_SEM1_MEDIUM,1.5,-0.01,-0.09
STU_073,14568,COURSE_SEM2_MEDIUM,10.0,-0.01,-0.03
STU_073,14568,COURSE_SEM2_HARD,1.5,-0.01,-0.23
STU_073,14568,COURSE_SEM2_EASY,5.0,-0.01,0.32
STU_073,14568,COURSE_SEM4_HARD,8.0,-0.01,-0.47
STU_073,14568,COURSE_SEM4_EASY,6.0,-0.01,0.14
STU_074,10431,COURSE_SEM1_MEDIUM,6.5,0.07,-0.01
STU_074,10431,COURSE_SEM2_MEDIUM,8.0,0.07,0.05
STU_074,10431,COURSE_SEM2_HARD,10.0,0.07,0.13
STU_074,10431,COURSE_SEM2_EASY,8.5,0.07,0.4
STU_074,10431,COURSE_SEM4_HARD,0.0,0.07,0.15
STU_074,10431,COURSE_SEM4_EASY,5.0,0.07,0.22
STU_075,14232,COURSE_SEM1_MEDIUM,0.5,-0.01,-0.09
STU_075,14232,COURSE_SEM2_MEDIUM,8.0,-0.01,-0.03
STU_075,14232,COURSE_SEM2_HARD,0.5,-0.01,-0.23
STU_075,14232,COURSE_SEM2_EASY,9.5,-0.01,0.32
STU_075,14232,COURSE_SEM4_HARD,2.0,-0.01,-0.47
STU_075,14232,COURSE_SEM4_EASY,2.0,-0.01,0.14
STU_076,18540,COURSE_SEM1_MEDIUM,2.5,-0.07,-0.15
STU_076,18540,COURSE_SEM2_MEDIUM,2.5,-0.07,-0.09
STU_076,18540,COURSE_SEM2_HARD,4.0,-0.07,-0.29
STU_076,18540,COURSE_SEM2_EASY,7.5,-0.07,0.26
STU_076,18540,COURSE_SEM4_HARD,0.0,-0.07,-0.53
STU_076,18540,COURSE_SEM4_EASY,5.0,-0.07,0.08
STU_077,13231,COURSE_SEM1_MEDIUM,1.0,0.01,-0.07
STU_077,13231,COURSE_SEM2_MEDIUM,7.5,0.01,-0.01
STU_077,13231,COURSE_SEM2_HARD,8.5,0.01,-0.21
STU_077,13231,COURSE_SEM2_EASY,10.0,0.01,0.34
STU_077,13231,COURSE_SEM4_HARD,4.0,0.01,-0.45
STU_077,13231,COURSE_SEM4_EASY,5.0,0.01,0.16
STU_078,19006,COURSE_SEM1_MEDIUM,1.0,-0.09,-0.17
STU_078,19006,COURSE_SEM2_MEDIUM,2.0,-0.09,-0.11
STU_078,19006,COURSE_SEM2_HARD,5.0,-0.09,-0.31
STU_078,19006,COURSE_SEM2_EASY,8.5,-0.09,0.24
STU_078,19006,COURSE_SEM4_HARD,0.0,-0.09,-0.55
STU_078,19006,COURSE_SEM4_EASY,10.0,-0.09,0.06
STU_079,18758,COURSE_SEM1_MEDIUM,0.0,-0.06,-0.14
STU_079,18758,COURSE_SEM2_MEDIUM,10.0,-0.06,-0.08
STU_079,18758,COURSE_SEM2_HARD,5.0,-0.06,-0.28
STU_079,18758,COURSE_SEM2_EASY,6.5,-0.06,0.27
STU_079,18758,COURSE_SEM4_HARD,0.0,-0.06,-0.52
STU_079,18758,COURSE_SEM4_EASY,8.5,-0.06,0.09
STU_080,14122,COURSE_SEM1_MEDIUM,3.5,-0.06,-0.14
STU_080,14122,COURSE_SEM2_MEDIUM,0.0,-0.06,-0.08
STU_080,14122,COURSE_SEM2_HARD,6.0,-0.06,-0.28
STU_080,14122,COURSE_SEM2_EASY,10.0,-0.06,0.27
STU_080,14122,COURSE_SEM4_HARD,0.5,-0.06,-0.52
STU_080,14122,COURSE_SEM4_EASY,5.0,-0.06,0.09
STU_081,12137,COURSE_SEM1_MEDIUM,5.0,-0.09,-0.17
STU_081,12137,COURSE_SEM2_MEDIUM,7.5,-0.09,-0.11
STU_081,12137,COURSE_SEM2_HARD,0.0,-0.09,-0.31
STU_081,12137,COURSE_SEM2_EASY,8.5,-0.09,0.24
STU_081,12137,COURSE_SEM4_HARD,5.0,-0.09,-0.55
STU_081,12137,COURSE_SEM4_EASY,10.0,-0.09,0.06
STU_082,11521,COURSE_SEM1_MEDIUM,0.0,-0.07,-0.15
STU_082,11521,COURSE_SEM2_MEDIUM,3.5,-0.07,-0.09
STU_082,11521,COURSE_SEM2_HARD,0.0,-0.07,-0.29
STU_082,11521,COURSE_SEM2_EASY,10.0,-0.07,0.26
STU_082,11521,COURSE_SEM4_HARD,3.5,-0.07,-0.53
STU_082,11521,COURSE_SEM4_EASY,1.0,-0.07,0.08
STU_083,13671,COURSE_SEM1_MEDIUM,4.5,0.07,-0.01
STU_083,13671,COURSE_SEM2_MEDIUM,1.5,0.07,0.05
STU_083,13671,COURSE_SEM2_HARD,10.0,0.07,0.13
STU_083,13671,COURSE_SEM2_EASY,8.5,0.07,0.4
STU_083,13671,COURSE_SEM4_HARD,6.0,0.07,0.15
STU_083,13671,COURSE_SEM4_EASY,10.0,0.07,0.22
STU_084,12137,COURSE_SEM1_MEDIUM,7.0,0.07,-0.01
STU_084,12137,COURSE_SEM2_MEDIUM,1.0,0.07,0.05
STU_084,12137,COURSE_SEM2_HARD,0.0,0.07,-0.15
STU_084,12137,COURSE_SEM2_EASY,10.0,0.07,0.4
STU_084,12137,COURSE_SEM4_HARD,5.5,0.07,0.15
STU_084,12137,COURSE_SEM4_EASY,8.0,0.07,0.22
STU_085,11633,COURSE_SEM1_MEDIUM,9.0,0.02,-0.06
STU_085,11633,COURSE_SEM2_MEDIUM,10.0,0.02,-0.0
STU_085,11633,COURSE_SEM2_HARD,8.5,0.02,-0.2
STU_085,11633,COURSE_SEM2_EASY,6.5,0.02,0.35
STU_085,11633,COURSE_SEM4_HARD,0.0,0.02,-0.44
STU_085,11633,COURSE_SEM4_EASY,10.0,0.02,0.17
STU_086,10440,COURSE_SEM1_MEDIUM,3.0,0.01,-0.07
STU_086,10440,COURSE_SEM2_MEDIUM,10.0,0.01,-0.01
STU_086,10440,COURSE_SEM2_HARD,0.5,0.01,-0.21
STU_086,10440,COURSE_SEM2_EASY,10.0,0.01,0.34
STU_086,10440,COURSE_SEM4_HARD,1.0,0.01,-0.45
STU_086,10440,COURSE_SEM4_EASY,1.0,0.01,0.16
STU_087,10431,COURSE_SEM1_MEDIUM,10.0,-0.01,-0.09
STU_087,10431,COURSE_SEM2_MEDIUM,10.0,-0.01,-0.03
STU_087,10431,COURSE_SEM2_HARD,7.0,-0.01,0.05
STU_087,10431,COURSE_SEM2_EASY,6.5,-0.01,0.32
STU_087,10431,COURSE_SEM4_HARD,2.0,-0.01,-0.47
STU_087,10431,COURSE_SEM4_EASY,10.0,-0.01,0.14
STU_088,18534,COURSE_SEM1_MEDIUM,6.5,0.09,0.01
STU_088,18534,COURSE_SEM2_MEDIUM,3.0,0.09,0.07
STU_088,18534,COURSE_SEM2_HARD,10.0,0.09,-0.13
STU_088,18534,COURSE_SEM2_EASY,10.0,0.09,0.42
STU_088,18534,COURSE_SEM4_HARD,0.0,0.09,-0.37
STU_088,18534,COURSE_SEM4_EASY,5.5,0.09,0.24
STU_089,13122,COURSE_SEM1_MEDIUM,2.0,0.09,0.01
STU_089,13122,COURSE_SEM2_MEDIUM,9.0,0.09,0.07
STU_089,13122,COURSE_SEM2_HARD,10.0,0.09,0.15
STU_089,13122,COURSE_SEM2_EASY,10.0,0.09,0.42
STU_089,13122,COURSE_SEM4_HARD,8.5,0.09,-0.37
STU_089,13122,COURSE_SEM4_EASY,8.0,0.09,0.24
STU_090,10438,COURSE_SEM1_MEDIUM,0.5,-0.0,-0.08
STU_090,10438,COURSE_SEM2_MEDIUM,5.0,-0.0,-0.02
STU_090,10438,COURSE_SEM2_HARD,10.0,-0.0,-0.22
STU_090,10438,COURSE_SEM2_EASY,10.0,-0.0,0.33
STU_090,10438,COURSE_SEM4_HARD,3.0,-0.0,-0.46
STU_090,10438,COURSE_SEM4_EASY,10.0,-0.0,0.15
STU_091,11363,COURSE_SEM1_MEDIUM,3.5,0.01,-0.07
STU_091,11363,COURSE_SEM2_MEDIUM,8.5,0.01,-0.01
STU_091,11363,COURSE_SEM2_HARD,9.0,0.01,0.07
STU_091,11363,COURSE_SEM2_EASY,10.0,0.01,0.34
STU_091,11363,COURSE_SEM4_HARD,3.0,0.01,-0.45
STU_091,11363,COURSE_SEM4_EASY,7.0,0.01,0.16
STU_092,18532,COURSE_SEM1_MEDIUM,2.0,-0.01,-0.09
STU_092,18532,COURSE_SEM2_MEDIUM,6.5,-0.01,-0.03
STU_092,18532,COURSE_SEM2_HARD,2.0,-0.01,-0.23
STU_092,18532,COURSE_SEM2_EASY,6.5,-0.01,0.32
STU_092,18532,COURSE_SEM4_HARD,1.0,-0.01,-0.47
STU_092,18532,COURSE_SEM4_EASY,9.5,-0.01,0.14
STU_093,16561,COURSE_SEM1_MEDIUM,6.5,-0.07,-0.15
STU_093,16561,COURSE_SEM2_MEDIUM,6.0,-0.07,-0.09
STU_093,16561,COURSE_SEM2_HARD,0.5,-0.07,-0.29
STU_093,16561,COURSE_SEM2_EASY,10.0,-0.07,0.26
STU_093,16561,COURSE_SEM4_HARD,1.0,-0.07,-0.53
STU_093,16561,COURSE_SEM4_EASY,10.0,-0.07,0.08
STU_094,17237,COURSE_SEM1_MEDIUM,10.0,-0.01,-0.09
STU_094,17237,COURSE_SEM2_MEDIUM,3.5,-0.01,-0.03
STU_094,17237,COURSE_SEM2_HARD,3.5,-0.01,0.05
STU_094,17237,COURSE_SEM2_EASY,10.0,-0.01,0.32
STU_094,17237,COURSE_SEM4_HARD,0.0,-0.01,-0.47
STU_094,17237,COURSE_SEM4_EASY,10.0,-0.01,0.14
STU_095,16452,COURSE_SEM1_MEDIUM,5.0,-0.02,-0.1
STU_095,16452,COURSE_SEM2_MEDIUM,3.0,-0.02,-0.04
STU_095,16452,COURSE_SEM2_HARD,6.5,-0.02,-0.24
STU_095,16452,COURSE_SEM2_EASY,5.5,-0.02,0.31
STU_095,16452,COURSE_SEM4_HARD,2.0,-0.02,-0.48
STU_095,16452,COURSE_SEM4_EASY,5.0,-0.02,0.13
STU_096,16341,COURSE_SEM1_MEDIUM,8.0,0.07,-0.01
STU_096,16341,COURSE_SEM2_MEDIUM,1.5,0.07,0.05
STU_096,16341,COURSE_SEM2_HARD,8.0,0.07,0.13
STU_096,16341,COURSE_SEM2_EASY,10.0,0.07,0.4
STU_096,16341,COURSE_SEM4_HARD,1.5,0.07,0.15
STU_096,16341,COURSE_SEM4_EASY,8.0,0.07,0.22
STU_097,18532,COURSE_SEM1_MEDIUM,1.5,0.0,-0.08
STU_097,18532,COURSE_SEM2_MEDIUM,10.0,0.0,-0.02
STU_097,18532,COURSE_SEM2_HARD,0.0,0.0,-0.22
STU_097,18532,COURSE_SEM2_EASY,10.0,0.0,0.33
STU_097,18532,COURSE_SEM4_HARD,0.0,0.0,-0.46
STU_097,18532,COURSE_SEM4_EASY,3.5,0.0,0.15
STU_098,15780,COURSE_SEM1_MEDIUM,8.5,0.06,-0.02
STU_098,15780,COURSE_SEM2_MEDIUM,7.5,0.06,0.04
STU_098,15780,COURSE_SEM2_HARD,0.0,0.06,-0.16
STU_098,15780,COURSE_SEM2_EASY,10.0,0.06,0.39
STU_098,15780,COURSE_SEM4_HARD,1.5,0.06,0.14
STU_098,15780,COURSE_SEM4_EASY,10.0,0.06,0.21
STU_099,13231,COURSE_SEM1_MEDIUM,2.0,0.06,-0.02
STU_099,13231,COURSE_SEM2_MEDIUM,6.5,0.06,0.04
STU_099,13231,COURSE_SEM2_HARD,3.0,0.06,-0.16
STU_099,13231,COURSE_SEM2_EASY,10.0,0.06,0.39
STU_099,13231,COURSE_SEM4_HARD,8.5,0.06,0.14
STU_099,13231,COURSE_SEM4_EASY,8.0,0.06,0.21
STU_100,18543,COURSE_SEM1_MEDIUM,5.0,-0.09,-0.17
STU_100,18543,COURSE_SEM2_MEDIUM,2.5,-0.09,-0.11
STU_100,18543,COURSE_SEM2_HARD,3.5,-0.09,-0.31
STU_100,18543,COURSE_SEM2_EASY,10.0,-0.09,0.24
STU_100,18543,COURSE_SEM4_HARD,1.0,-0.09,-0.55
STU_100,18543,COURSE_SEM4_EASY,6.0,-0.09,0.06
STU_101,17122,COURSE_SEM1_MEDIUM,8.0,0.09,0.01
STU_101,17122,COURSE_SEM2_MEDIUM,7.5,0.09,0.07
STU_101,17122,COURSE_SEM2_HARD,8.5,0.09,0.15
STU_101,17122,COURSE_SEM2_EASY,10.0,0.09,0.42
STU_101,17122,COURSE_SEM4_HARD,9.0,0.09,0.17
STU_101,17122,COURSE_SEM4_EASY,10.0,0.09,0.24
STU_102,14576,COURSE_SEM1_MEDIUM,4.0,0.02,-0.06
STU_102,14576,COURSE_SEM2_MEDIUM,8.5,0.02,-0.0
STU_102,14576,COURSE_SEM2_HARD,5.0,0.02,-0.2
STU_102,14576,COURSE_SEM2_EASY,10.0,0.02,0.35
STU_102,14576,COURSE_SEM4_HARD,0.5,0.02,-0.44
STU_102,14576,COURSE_SEM4_EASY,10.0,0.02,0.17
STU_103,18233,COURSE_SEM1_MEDIUM,9.0,0.01,-0.07
STU_103,18233,COURSE_SEM2_MEDIUM,8.0,0.01,-0.01
STU_103,18233,COURSE_SEM2_HARD,4.0,0.01,0.07
STU_103,18233,COURSE_SEM2_EASY,10.0,0.01,0.34
STU_103,18233,COURSE_SEM4_HARD,10.0,0.01,0.09
STU_103,18233,COURSE_SEM4_EASY,5.5,0.01,0.16
STU_104,14564,COURSE_SEM1_MEDIUM,5.0,0.09,0.01
STU_104,14564,COURSE_SEM2_MEDIUM,8.0,0.09,0.07
STU_104,14564,COURSE_SEM2_HARD,10.0,0.09,0.15
STU_104,14564,COURSE_SEM2_EASY,10.0,0.09,0.42
STU_104,14564,COURSE_SEM4_HARD,1.0,0.09,-0.37
STU_104,14564,COURSE_SEM4_EASY,9.5,0.09,0.24
STU_105,19017,COURSE_SEM1_MEDIUM,2.0,-0.0,-0.08
STU_105,19017,COURSE_SEM2_MEDIUM,3.0,-0.0,-0.02
STU_105,19017,COURSE_SEM2_HARD,7.0,-0.0,0.06
STU_105,19017,COURSE_SEM2_EASY,9.0,-0.0,0.33
STU_105,19017,COURSE_SEM4_HARD,1.5,-0.0,-0.46
STU_105,19017,COURSE_SEM4_EASY,7.0,-0.0,0.15
STU_106,10671,COURSE_SEM1_MEDIUM,0.0,-0.07,-0.15
STU_106,10671,COURSE_SEM2_MEDIUM,5.5,-0.07,-0.09
STU_106,10671,COURSE_SEM2_HARD,7.5,-0.07,-0.29
STU_106,10671,COURSE_SEM2_EASY,8.0,-0.07,0.26
STU_106,10671,COURSE_SEM4_HARD,1.0,-0.07,-0.53
STU_106,10671,COURSE_SEM4_EASY,10.0,-0.07,0.08
STU_107,10441,COURSE_SEM1_MEDIUM,7.0,-0.06,-0.14
STU_107,10441,COURSE_SEM2_MEDIUM,5.0,-0.06,-0.08
STU_107,10441,COURSE_SEM2_HARD,8.5,-0.06,-0.28
STU_107,10441,COURSE_SEM2_EASY,8.5,-0.06,0.27
STU_107,10441,COURSE_SEM4_HARD,0.0,-0.06,-0.52
STU_107,10441,COURSE_SEM4_EASY,7.0,-0.06,0.09
STU_108,15354,COURSE_SEM1_MEDIUM,5.0,-0.07,-0.15
STU_108,15354,COURSE_SEM2_MEDIUM,0.5,-0.07,-0.09
STU_108,15354,COURSE_SEM2_HARD,1.5,-0.07,-0.29
STU_108,15354,COURSE_SEM2_EASY,5.5,-0.07,0.26
STU_108,15354,COURSE_SEM4_HARD,2.0,-0.07,-0.53
STU_108,15354,COURSE_SEM4_EASY,6.0,-0.07,0.08
STU_109,18452,COURSE_SEM1_MEDIUM,7.0,0.08,0.0
STU_109,18452,COURSE_SEM2_MEDIUM,10.0,0.08,0.06
STU_109,18452,COURSE_SEM2_HARD,1.0,0.08,-0.14
STU_109,18452,COURSE_SEM2_EASY,8.0,0.08,0.41
STU_109,18452,COURSE_SEM4_HARD,10.0,0.08,-0.38
STU_109,18452,COURSE_SEM4_EASY,3.0,0.08,0.23
STU_110,10559,COURSE_SEM1_MEDIUM,0.0,-0.07,-0.15
STU_110,10559,COURSE_SEM2_MEDIUM,4.0,-0.07,-0.09
STU_110,10559,COURSE_SEM2_HARD,1.0,-0.07,-0.29
STU_110,10559,COURSE_SEM2_EASY,7.0,-0.07,0.26
STU_110,10559,COURSE_SEM4_HARD,4.0,-0.07,-0.53
STU_110,10559,COURSE_SEM4_EASY,8.0,-0.07,0.08
STU_111,19010,COURSE_SEM1_MEDIUM,3.5,-0.08,-0.16
STU_111,19010,COURSE_SEM2_MEDIUM,0.0,-0.08,-0.1
STU_111,19010,COURSE_SEM2_HARD,7.0,-0.08,-0.3
STU_111,19010,COURSE_SEM2_EASY,9.5,-0.08,0.25
STU_111,19010,COURSE_SEM4_HARD,0.0,-0.08,-0.54
STU_111,19010,COURSE_SEM4_EASY,7.5,-0.08,0.07
STU_112,19400,COURSE_SEM1_MEDIUM,5.0,0.01,-0.07
STU_112,19400,COURSE_SEM2_MEDIUM,10.0,0.01,-0.01
STU_112,19400,COURSE_SEM2_HARD,0.0,0.01,-0.21
STU_112,19400,COURSE_SEM2_EASY,10.0,0.01,0.34
STU_112,19400,COURSE_SEM4_HARD,1.0,0.01,-0.45
STU_112,19400,COURSE_SEM4_EASY,10.0,0.01,0.16
STU_113,13351,COURSE_SEM1_MEDIUM,9.0,0.0,-0.08
STU_113,13351,COURSE_SEM2_MEDIUM,6.0,0.0,-0.02
STU_113,13351,COURSE_SEM2_HARD,3.5,0.0,-0.22
STU_113,13351,COURSE_SEM2_EASY,5.0,0.0,0.33
STU_113,13351,COURSE_SEM4_HARD,0.0,0.0,-0.46
STU_113,13351,COURSE_SEM4_EASY,8.5,0.0,0.15
STU_114,18346,COURSE_SEM1_MEDIUM,5.0,-0.01,-0.09
STU_114,18346,COURSE_SEM2_MEDIUM,0.0,-0.01,-0.03
STU_114,18346,COURSE_SEM2_HARD,0.0,-0.01,0.05
STU_114,18346,COURSE_SEM2_EASY,5.0,-0.01,0.32
STU_114,18346,COURSE_SEM4_HARD,3.5,-0.01,-0.47
STU_114,18346,COURSE_SEM4_EASY,5.0,-0.01,0.14
STU_115,15451,COURSE_SEM1_MEDIUM,5.5,-0.01,-0.09
STU_115,15451,COURSE_SEM2_MEDIUM,10.0,-0.01,-0.03
STU_115,15451,COURSE_SEM2_HARD,3.5,-0.01,-0.23
STU_115,15451,COURSE_SEM2_EASY,10.0,-0.01,0.32
STU_115,15451,COURSE_SEM4_HARD,10.0,-0.01,0.07
STU_115,15451,COURSE_SEM4_EASY,1.0,-0.01,0.14
STU_116,17778,COURSE_SEM1_MEDIUM,5.5,-0.01,-0.09
STU_116,17778,COURSE_SEM2_MEDIUM,1.0,-0.01,-0.03
STU_116,17778,COURSE_SEM2_HARD,5.0,-0.01,0.05
STU_116,17778,COURSE_SEM2_EASY,10.0,-0.01,0.32
STU_116,17778,COURSE_SEM4_HARD,2.0,-0.01,-0.47
STU_116,17778,COURSE_SEM4_EASY,10.0,-0.01,0.14
STU_117,11471,COURSE_SEM1_MEDIUM,8.0,0.01,-0.07
STU_117,11471,COURSE_SEM2_MEDIUM,6.5,0.01,-0.01
STU_117,11471,COURSE_SEM2_HARD,10.0,0.01,0.07
STU_117,11471,COURSE_SEM2_EASY,10.0,0.01,0.34
STU_117,11471,COURSE_SEM4_HARD,1.5,0.01,-0.45
STU_117,11471,COURSE_SEM4_EASY,10.0,0.01,0.16
STU_118,18454,COURSE_SEM1_MEDIUM,1.0,-0.1,-0.18
STU_118,18454,COURSE_SEM2_MEDIUM,5.0,-0.1,-0.12
STU_118,18454,COURSE_SEM2_HARD,3.0,-0.1,-0.32
STU_118,18454,COURSE_SEM2_EASY,10.0,-0.1,0.23
STU_118,18454,COURSE_SEM4_HARD,0.0,-0.1,-0.56
STU_118,18454,COURSE_SEM4_EASY,10.0,-0.1,0.05
STU_119,11635,COURSE_SEM1_MEDIUM,1.0,0.07,-0.01
STU_119,11635,COURSE_SEM2_MEDIUM,5.0,0.07,0.05
STU_119,11635,COURSE_SEM2_HARD,5.0,0.07,-0.15
STU_119,11635,COURSE_SEM2_EASY,6.0,0.07,0.4
STU_119,11635,COURSE_SEM4_HARD,10.0,0.07,0.15
STU_119,11635,COURSE_SEM4_EASY,10.0,0.07,0.22
STU_120,12243,COURSE_SEM1_MEDIUM,5.0,0.01,-0.07
STU_120,12243,COURSE_SEM2_MEDIUM,0.5,0.01,-0.01
STU_120,12243,COURSE_SEM2_HARD,1.5,0.01,-0.21
STU_120,12243,COURSE_SEM2_EASY,10.0,0.01,0.34
STU_120,12243,COURSE_SEM4_HARD,5.5,0.01,-0.45
STU_120,12243,COURSE_SEM4_EASY,6.0,0.01,0.16
STU_121,11852,COURSE_SEM1_MEDIUM,9.0,0.09,0.01
STU_121,11852,COURSE_SEM2_MEDIUM,4.5,0.09,0.07
STU_121,11852,COURSE_SEM2_HARD,10.0,0.09,0.15
STU_121,11852,COURSE_SEM2_EASY,5.0,0.09,0.42
STU_121,11852,COURSE_SEM4_HARD,10.0,0.09,0.17
STU_121,11852,COURSE_SEM4_EASY,10.0,0.09,0.24
STU_122,16231,COURSE_SEM1_MEDIUM,4.5,-0.01,-0.09
STU_122,16231,COURSE_SEM2_MEDIUM,8.0,-0.01,-0.03
STU_122,16231,COURSE_SEM2_HARD,9.0,-0.01,0.05
STU_122,16231,COURSE_SEM2_EASY,10.0,-0.01,0.32
STU_122,16231,COURSE_SEM4_HARD,1.0,-0.01,-0.47
STU_122,16231,COURSE_SEM4_EASY,7.0,-0.01,0.14
STU_123,10431,COURSE_SEM1_MEDIUM,1.0,0.07,-0.01
STU_123,10431,COURSE_SEM2_MEDIUM,5.5,0.07,0.05
STU_123,10431,COURSE_SEM2_HARD,4.0,0.07,0.13
STU_123,10431,COURSE_SEM2_EASY,10.0,0.07,0.4
STU_123,10431,COURSE_SEM4_HARD,1.0,0.07,-0.39
STU_123,10431,COURSE_SEM4_EASY,9.0,0.07,0.22
STU_124,12244,COURSE_SEM1_MEDIUM,2.0,-0.0,-0.08
STU_124,12244,COURSE_SEM2_MEDIUM,2.0,-0.0,-0.02
STU_124,12244,COURSE_SEM2_HARD,5.0,-0.0,-0.22
STU_124,12244,COURSE_SEM2_EASY,9.5,-0.0,0.33
STU_124,12244,COURSE_SEM4_HARD,1.0,-0.0,-0.46
STU_124,12244,COURSE_SEM4_EASY,2.0,-0.0,0.15
STU_125,16232,COURSE_SEM1_MEDIUM,1.0,-0.09,-0.17
STU_125,16232,COURSE_SEM2_MEDIUM,10.0,-0.09,-0.11
STU_125,16232,COURSE_SEM2_HARD,8.0,-0.09,-0.31
STU_125,16232,COURSE_SEM2_EASY,4.5,-0.09,0.24
STU_125,16232,COURSE_SEM4_HARD,0.5,-0.09,-0.55
STU_125,16232,COURSE_SEM4_EASY,2.5,-0.09,0.06
STU_126,19012,COURSE_SEM1_MEDIUM,1.0,0.02,-0.06
STU_126,19012,COURSE_SEM2_MEDIUM,10.0,0.02,-0.0
STU_126,19012,COURSE_SEM2_HARD,2.0,0.02,-0.2
STU_126,19012,COURSE_SEM2_EASY,10.0,0.02,0.35
STU_126,19012,COURSE_SEM4_HARD,1.0,0.02,-0.44
STU_126,19012,COURSE_SEM4_EASY,8.0,0.02,0.17
STU_127,15122,COURSE_SEM1_MEDIUM,3.0,-0.01,-0.09
STU_127,15122,COURSE_SEM2_MEDIUM,5.0,-0.01,-0.03
STU_127,15122,COURSE_SEM2_HARD,0.0,-0.01,0.05
STU_127,15122,COURSE_SEM2_EASY,9.5,-0.01,0.32
STU_127,15122,COURSE_SEM4_HARD,1.0,-0.01,-0.47
STU_127,15122,COURSE_SEM4_EASY,10.0,-0.01,0.14
STU_128,10673,COURSE_SEM1_MEDIUM,9.5,-0.01,-0.09
STU_128,10673,COURSE_SEM2_MEDIUM,3.0,-0.01,-0.03
STU_128,10673,COURSE_SEM2_HARD,1.0,-0.01,-0.23
STU_128,10673,COURSE_SEM2_EASY,8.0,-0.01,0.32
STU_128,10673,COURSE_SEM4_HARD,10.0,-0.01,-0.47
STU_128,10673,COURSE_SEM4_EASY,10.0,-0.01,0.14
STU_129,10560,COURSE_SEM1_MEDIUM,2.0,0.06,-0.02
STU_129,10560,COURSE_SEM2_MEDIUM,1.5,0.06,0.04
STU_129,10560,COURSE_SEM2_HARD,0.0,0.06,-0.16
STU_129,10560,COURSE_SEM2_EASY,10.0,0.06,0.39
STU_129,10560,COURSE_SEM4_HARD,9.5,0.06,0.14
STU_129,10560,COURSE_SEM4_EASY,10.0,0.06,0.21
STU_130,15237,COURSE_SEM1_MEDIUM,5.0,-0.06,-0.14
STU_130,15237,COURSE_SEM2_MEDIUM,8.5,-0.06,-0.08
STU_130,15237,COURSE_SEM2_HARD,5.0,-0.06,-0.0
STU_130,15237,COURSE_SEM2_EASY,10.0,-0.06,0.27
STU_130,15237,COURSE_SEM4_HARD,3.0,-0.06,-0.52
STU_130,15237,COURSE_SEM4_EASY,10.0,-0.06,0.09
STU_131,10442,COURSE_SEM1_MEDIUM,10.0,0.08,-0.0
STU_131,10442,COURSE_SEM2_MEDIUM,9.5,0.08,0.06
STU_131,10442,COURSE_SEM2_HARD,10.0,0.08,0.14
STU_131,10442,COURSE_SEM2_EASY,8.0,0.08,0.41
STU_131,10442,COURSE_SEM4_HARD,10.0,0.08,0.16
STU_131,10442,COURSE_SEM4_EASY,10.0,0.08,0.23
STU_132,13231,COURSE_SEM1_MEDIUM,5.0,0.07,-0.01
STU_132,13231,COURSE_SEM2_MEDIUM,8.5,0.07,0.05
STU_132,13231,COURSE_SEM2_HARD,1.5,0.07,0.13
STU_132,13231,COURSE_SEM2_EASY,8.5,0.07,0.4
STU_132,13231,COURSE_SEM4_HARD,9.0,0.07,0.15
STU_132,13231,COURSE_SEM4_EASY,10.0,0.07,0.22
STU_133,13231,COURSE_SEM1_MEDIUM,7.5,-0.06,-0.14
STU_133,13231,COURSE_SEM2_MEDIUM,3.0,-0.06,-0.08
STU_133,13231,COURSE_SEM2_HARD,0.0,-0.06,-0.28
STU_133,13231,COURSE_SEM2_EASY,5.0,-0.06,0.27
STU_133,13231,COURSE_SEM4_HARD,2.0,-0.06,-0.52
STU_133,13231,COURSE_SEM4_EASY,9.0,-0.06,0.09
STU_134,10564,COURSE_SEM1_MEDIUM,1.5,-0.0,-0.08
STU_134,10564,COURSE_SEM2_MEDIUM,5.0,-0.0,-0.02
STU_134,10564,COURSE_SEM2_HARD,5.5,-0.0,-0.22
STU_134,10564,COURSE_SEM2_EASY,10.0,-0.0,0.33
STU_134,10564,COURSE_SEM4_HARD,1.0,-0.0,-0.46
STU_134,10564,COURSE_SEM4_EASY,9.5,-0.0,0.15
STU_135,10440,COURSE_SEM1_MEDIUM,0.0,0.02,-0.06
STU_135,10440,COURSE_SEM2_MEDIUM,6.5,0.02,-0.0
STU_135,10440,COURSE_SEM2_HARD,1.5,0.02,-0.2
STU_135,10440,COURSE_SEM2_EASY,10.0,0.02,0.35
STU_135,10440,COURSE_SEM4_HARD,10.0,0.02,0.1
STU_135,10440,COURSE_SEM4_EASY,10.0,0.02,0.17
STU_136,10443,COURSE_SEM1_MEDIUM,5.5,0.02,-0.06
STU_136,10443,COURSE_SEM2_MEDIUM,10.0,0.02,-0.0
STU_136,10443,COURSE_SEM2_HARD,5.0,0.02,-0.2
STU_136,10443,COURSE_SEM2_EASY,9.5,0.02,0.35
STU_136,10443,COURSE_SEM4_HARD,0.0,0.02,-0.44
STU_136,10443,COURSE_SEM4_EASY,9.5,0.02,0.17
STU_137,17655,COURSE_SEM1_MEDIUM,5.0,-0.01,-0.09
STU_137,17655,COURSE_SEM2_MEDIUM,9.0,-0.01,-0.03
STU_137,17655,COURSE_SEM2_HARD,3.0,-0.01,0.05
STU_137,17655,COURSE_SEM2_EASY,5.0,-0.01,0.32
STU_137,17655,COURSE_SEM4_HARD,1.0,-0.01,-0.47
STU_137,17655,COURSE_SEM4_EASY,0.5,-0.01,0.14
STU_138,15127,COURSE_SEM1_MEDIUM,1.0,0.02,-0.06
STU_138,15127,COURSE_SEM2_MEDIUM,9.0,0.02,-0.0
STU_138,15127,COURSE_SEM2_HARD,7.5,0.02,-0.2
STU_138,15127,COURSE_SEM2_EASY,6.0,0.02,0.35
STU_138,15127,COURSE_SEM4_HARD,1.5,0.02,-0.44
STU_138,15127,COURSE_SEM4_EASY,4.5,0.02,0.17
STU_139,15236,COURSE_SEM1_MEDIUM,1.0,-0.02,-0.1
STU_139,15236,COURSE_SEM2_MEDIUM,7.0,-0.02,-0.04
STU_139,15236,COURSE_SEM2_HARD,8.5,-0.02,0.04
STU_139,15236,COURSE_SEM2_EASY,10.0,-0.02,0.31
STU_139,15236,COURSE_SEM4_HARD,4.0,-0.02,-0.48
STU_139,15236,COURSE_SEM4_EASY,8.0,-0.02,0.13
STU_140,10558,COURSE_SEM1_MEDIUM,1.5,0.06,-0.02
STU_140,10558,COURSE_SEM2_MEDIUM,3.5,0.06,0.04
STU_140,10558,COURSE_SEM2_HARD,9.0,0.06,-0.16
STU_140,10558,COURSE_SEM2_EASY,9.0,0.06,0.39
STU_140,10558,COURSE_SEM4_HARD,7.0,0.06,0.14
STU_140,10558,COURSE_SEM4_EASY,6.5,0.06,0.21
STU_141,13673,COURSE_SEM1_MEDIUM,3.5,-0.09,-0.17
STU_141,13673,COURSE_SEM2_MEDIUM,9.0,-0.09,-0.11
STU_141,13673,COURSE_SEM2_HARD,9.5,-0.09,-0.31
STU_141,13673,COURSE_SEM2_EASY,10.0,-0.09,0.24
STU_141,13673,COURSE_SEM4_HARD,2.0,-0.09,-0.55
STU_141,13673,COURSE_SEM4_EASY,6.5,-0.09,0.06
STU_142,11361,COURSE_SEM1_MEDIUM,1.0,0.1,0.02
STU_142,11361,COURSE_SEM2_MEDIUM,8.0,0.1,0.08
STU_142,11361,COURSE_SEM2_HARD,10.0,0.1,0.16
STU_142,11361,COURSE_SEM2_EASY,10.0,0.1,0.43
STU_142,11361,COURSE_SEM4_HARD,5.0,0.1,0.18
STU_142,11361,COURSE_SEM4_EASY,9.0,0.1,0.25
STU_143,18451,COURSE_SEM1_MEDIUM,10.0,0.02,-0.06
STU_143,18451,COURSE_SEM2_MEDIUM,5.5,0.02,-0.0
STU_143,18451,COURSE_SEM2_HARD,6.0,0.02,0.08
STU_143,18451,COURSE_SEM2_EASY,10.0,0.02,0.35
STU_143,18451,COURSE_SEM4_HARD,1.0,0.02,-0.44
STU_143,18451,COURSE_SEM4_EASY,9.0,0.02,0.17
STU_144,12242,COURSE_SEM1_MEDIUM,0.0,0.01,-0.07
STU_144,12242,COURSE_SEM2_MEDIUM,5.5,0.01,-0.01
STU_144,12242,COURSE_SEM2_HARD,6.5,0.01,-0.21
STU_144,12242,COURSE_SEM2_EASY,10.0,0.01,0.34
STU_144,12242,COURSE_SEM4_HARD,0.0,0.01,-0.45
STU_144,12242,COURSE_SEM4_EASY,8.5,0.01,0.16
STU_145,10672,COURSE_SEM1_MEDIUM,1.0,0.01,-0.07
STU_145,10672,COURSE_SEM2_MEDIUM,5.0,0.01,-0.01
STU_145,10672,COURSE_SEM2_HARD,5.5,0.01,-0.21
STU_145,10672,COURSE_SEM2_EASY,7.0,0.01,0.34
STU_145,10672,COURSE_SEM4_HARD,3.0,0.01,-0.45
STU_145,10672,COURSE_SEM4_EASY,3.5,0.01,0.16
STU_146,19100,COURSE_SEM1_MEDIUM,0.0,-0.08,-0.16
STU_146,19100,COURSE_SEM2_MEDIUM,5.0,-0.08,-0.1
STU_146,19100,COURSE_SEM2_HARD,3.0,-0.08,-0.3
STU_146,19100,COURSE_SEM2_EASY,5.5,-0.08,0.25
STU_146,19100,COURSE_SEM4_HARD,0.0,-0.08,-0.54
STU_146,19100,COURSE_SEM4_EASY,3.0,-0.08,0.07
STU_147,11852,COURSE_SEM1_MEDIUM,1.5,0.0,-0.08
STU_147,11852,COURSE_SEM2_MEDIUM,3.0,0.0,-0.02
STU_147,11852,COURSE_SEM2_HARD,1.0,0.0,-0.22
STU_147,11852,COURSE_SEM2_EASY,10.0,0.0,0.33
STU_147,11852,COURSE_SEM4_HARD,9.0,0.0,-0.46
STU_147,11852,COURSE_SEM4_EASY,10.0,0.0,0.15
STU_148,11254,COURSE_SEM1_MEDIUM,1.0,0.0,-0.08
STU_148,11254,COURSE_SEM2_MEDIUM,5.5,0.0,-0.02
STU_148,11254,COURSE_SEM2_HARD,0.0,0.0,0.06
STU_148,11254,COURSE_SEM2_EASY,10.0,0.0,0.33
STU_148,11254,COURSE_SEM4_HARD,0.0,0.0,-0.46
STU_148,11254,COURSE_SEM4_EASY,6.5,0.0,0.15
STU_149,18450,COURSE_SEM1_MEDIUM,6.0,-0.01,-0.09
STU_149,18450,COURSE_SEM2_MEDIUM,7.5,-0.01,-0.03
STU_149,18450,COURSE_SEM2_HARD,8.0,-0.01,-0.23
STU_149,18450,COURSE_SEM2_EASY,9.5,-0.01,0.32
STU_149,18450,COURSE_SEM4_HARD,0.5,-0.01,-0.47
STU_149,18450,COURSE_SEM4_EASY,10.0,-0.01,0.14
STU_150,10443,COURSE_SEM1_MEDIUM,10.0,0.07,-0.01
STU_150,10443,COURSE_SEM2_MEDIUM,5.5,0.07,0.05
STU_150,10443,COURSE_SEM2_HARD,6.0,0.07,0.13
STU_150,10443,COURSE_SEM2_EASY,10.0,0.07,0.4
STU_150,10443,COURSE_SEM4_HARD,4.0,0.07,-0.39
STU_150,10443,COURSE_SEM4_EASY,9.5,0.07,0.22
STU_151,14123,COURSE_SEM1_MEDIUM,8.0,-0.01,-0.09
STU_151,14123,COURSE_SEM2_MEDIUM,7.5,-0.01,-0.03
STU_151,14123,COURSE_SEM2_HARD,7.0,-0.01,0.05
STU_151,14123,COURSE_SEM2_EASY,5.0,-0.01,0.32
STU_151,14123,COURSE_SEM4_HARD,2.0,-0.01,-0.47
STU_151,14123,COURSE_SEM4_EASY,5.0,-0.01,0.14
STU_152,19100,COURSE_SEM1_MEDIUM,0.0,-0.01,-0.09
STU_152,19100,COURSE_SEM2_MEDIUM,3.5,-0.01,-0.03
STU_152,19100,COURSE_SEM2_HARD,0.0,-0.01,-0.23
STU_152,19100,COURSE_SEM2_EASY,6.5,-0.01,0.32
STU_152,19100,COURSE_SEM4_HARD,0.0,-0.01,-0.47
STU_152,19100,COURSE_SEM4_EASY,10.0,-0.01,0.14
STU_153,10437,COURSE_SEM1_MEDIUM,5.0,-0.01,-0.09
STU_153,10437,COURSE_SEM2_MEDIUM,1.0,-0.01,-0.03
STU_153,10437,COURSE_SEM2_HARD,5.0,-0.01,-0.23
STU_153,10437,COURSE_SEM2_EASY,8.0,-0.01,0.32
STU_153,10437,COURSE_SEM4_HARD,2.0,-0.01,-0.47
STU_153,10437,COURSE_SEM4_EASY,0.5,-0.01,0.14
STU_154,19500,COURSE_SEM1_MEDIUM,1.0,-0.01,-0.09
STU_154,19500,COURSE_SEM2_MEDIUM,7.5,-0.01,-0.03
STU_154,19500,COURSE_SEM2_HARD,3.0,-0.01,-0.23
STU_154,19500,COURSE_SEM2_EASY,10.0,-0.01,0.32
STU_154,19500,COURSE_SEM4_HARD,0.0,-0.01,-0.47
STU_154,19500,COURSE_SEM4_EASY,9.0,-0.01,0.14
STU_155,10438,COURSE_SEM1_MEDIUM,10.0,0.0,-0.08
STU_155,10438,COURSE_SEM2_MEDIUM,5.0,0.0,-0.02
STU_155,10438,COURSE_SEM2_HARD,8.5,0.0,-0.22
STU_155,10438,COURSE_SEM2_EASY,7.0,0.0,0.33
STU_155,10438,COURSE_SEM4_HARD,1.0,0.0,-0.46
STU_155,10438,COURSE_SEM4_EASY,10.0,0.0,0.15
STU_156,15780,COURSE_SEM1_MEDIUM,4.0,0.02,-0.06
STU_156,15780,COURSE_SEM2_MEDIUM,0.0,0.02,-0.0
STU_156,15780,COURSE_SEM2_HARD,7.5,0.02,-0.2
STU_156,15780,COURSE_SEM2_EASY,9.0,0.02,0.35
STU_156,15780,COURSE_SEM4_HARD,0.0,0.02,-0.44
STU_156,15780,COURSE_SEM4_EASY,5.0,0.02,0.17
STU_157,10677,COURSE_SEM1_MEDIUM,6.0,0.09,0.01
STU_157,10677,COURSE_SEM2_MEDIUM,9.0,0.09,0.07
STU_157,10677,COURSE_SEM2_HARD,8.0,0.09,0.15
STU_157,10677,COURSE_SEM2_EASY,10.0,0.09,0.42
STU_157,10677,COURSE_SEM4_HARD,5.5,0.09,0.17
STU_157,10677,COURSE_SEM4_EASY,8.5,0.09,0.24
STU_158,11364,COURSE_SEM1_MEDIUM,8.5,0.08,0.0
STU_158,11364,COURSE_SEM2_MEDIUM,10.0,0.08,0.06
STU_158,11364,COURSE_SEM2_HARD,10.0,0.08,0.14
STU_158,11364,COURSE_SEM2_EASY,10.0,0.08,0.41
STU_158,11364,COURSE_SEM4_HARD,9.0,0.08,0.16
STU_158,11364,COURSE_SEM4_EASY,10.0,0.08,0.23
STU_159,17655,COURSE_SEM1_MEDIUM,6.5,0.07,-0.01
STU_159,17655,COURSE_SEM2_MEDIUM,10.0,0.07,0.05
STU_159,17655,COURSE_SEM2_HARD,8.5,0.07,-0.15
STU_159,17655,COURSE_SEM2_EASY,10.0,0.07,0.4
STU_159,17655,COURSE_SEM4_HARD,8.0,0.07,0.15
STU_159,17655,COURSE_SEM4_EASY,9.5,0.07,0.22
STU_160,18533,COURSE_SEM1_MEDIUM,10.0,0.09,0.01
STU_160,18533,COURSE_SEM2_MEDIUM,5.0,0.09,0.07
STU_160,18533,COURSE_SEM2_HARD,7.0,0.09,0.15
STU_160,18533,COURSE_SEM2_EASY,8.0,0.09,0.42
STU_160,18533,COURSE_SEM4_HARD,9.0,0.09,0.17
STU_160,18533,COURSE_SEM4_EASY,5.5,0.09,0.24
STU_161,11633,COURSE_SEM1_MEDIUM,10.0,0.06,-0.02
STU_161,11633,COURSE_SEM2_MEDIUM,8.5,0.06,0.04
STU_161,11633,COURSE_SEM2_HARD,1.0,0.06,-0.16
STU_161,11633,COURSE_SEM2_EASY,10.0,0.06,0.39
STU_161,11633,COURSE_SEM4_HARD,0.0,0.06,-0.4
STU_161,11633,COURSE_SEM4_EASY,0.5,0.06,0.21
STU_162,10560,COURSE_SEM1_MEDIUM,0.0,-0.1,-0.18
STU_162,10560,COURSE_SEM2_MEDIUM,10.0,-0.1,-0.12
STU_162,10560,COURSE_SEM2_HARD,3.0,-0.1,-0.32
STU_162,10560,COURSE_SEM2_EASY,10.0,-0.1,0.23
STU_162,10560,COURSE_SEM4_HARD,5.0,-0.1,-0.56
STU_162,10560,COURSE_SEM4_EASY,10.0,-0.1,0.05
STU_163,18541,COURSE_SEM1_MEDIUM,0.0,-0.01,-0.09
STU_163,18541,COURSE_SEM2_MEDIUM,5.0,-0.01,-0.03
STU_163,18541,COURSE_SEM2_HARD,5.5,-0.01,-0.23
STU_163,18541,COURSE_SEM2_EASY,10.0,-0.01,0.32
STU_163,18541,COURSE_SEM4_HARD,10.0,-0.01,0.07
STU_163,18541,COURSE_SEM4_EASY,5.5,-0.01,0.14
STU_164,15233,COURSE_SEM1_MEDIUM,5.0,0.02,-0.06
STU_164,15233,COURSE_SEM2_MEDIUM,6.5,0.02,-0.0
STU_164,15233,COURSE_SEM2_HARD,8.0,0.02,0.08
STU_164,15233,COURSE_SEM2_EASY,9.5,0.02,0.35
STU_164,15233,COURSE_SEM4_HARD,7.0,0.02,-0.44
STU_164,15233,COURSE_SEM4_EASY,5.0,0.02,0.17
STU_165,18122,COURSE_SEM1_MEDIUM,2.0,-0.08,-0.16
STU_165,18122,COURSE_SEM2_MEDIUM,1.0,-0.08,-0.1
STU_165,18122,COURSE_SEM2_HARD,1.0,-0.08,-0.3
STU_165,18122,COURSE_SEM2_EASY,10.0,-0.08,0.25
STU_165,18122,COURSE_SEM4_HARD,3.0,-0.08,-0.54
STU_165,18122,COURSE_SEM4_EASY,10.0,-0.08,0.07
STU_166,11254,COURSE_SEM1_MEDIUM,5.0,-0.08,-0.16
STU_166,11254,COURSE_SEM2_MEDIUM,1.0,-0.08,-0.1
STU_166,11254,COURSE_SEM2_HARD,0.0,-0.08,-0.3
STU_166,11254,COURSE_SEM2_EASY,9.5,-0.08,0.25
STU_166,11254,COURSE_SEM4_HARD,7.0,-0.08,-0.54
STU_166,11254,COURSE_SEM4_EASY,8.0,-0.08,0.07
STU_167,18122,COURSE_SEM1_MEDIUM,0.5,-0.07,-0.15
STU_167,18122,COURSE_SEM2_MEDIUM,4.5,-0.07,-0.09
STU_167,18122,COURSE_SEM2_HARD,5.0,-0.07,-0.29
STU_167,18122,COURSE_SEM2_EASY,4.5,-0.07,0.26
STU_167,18122,COURSE_SEM4_HARD,2.5,-0.07,-0.53
STU_167,18122,COURSE_SEM4_EASY,8.0,-0.07,0.08
STU_168,18534,COURSE_SEM1_MEDIUM,5.0,0.02,-0.06
STU_168,18534,COURSE_SEM2_MEDIUM,5.0,0.02,-0.0
STU_168,18534,COURSE_SEM2_HARD,1.5,0.02,0.08
STU_168,18534,COURSE_SEM2_EASY,8.0,0.02,0.35
STU_168,18534,COURSE_SEM4_HARD,2.0,0.02,-0.44
STU_168,18534,COURSE_SEM4_EASY,10.0,0.02,0.17
STU_169,11631,COURSE_SEM1_MEDIUM,6.5,-0.07,-0.15
STU_169,11631,COURSE_SEM2_MEDIUM,8.0,-0.07,-0.09
STU_169,11631,COURSE_SEM2_HARD,1.0,-0.07,-0.29
STU_169,11631,COURSE_SEM2_EASY,8.0,-0.07,0.26
STU_169,11631,COURSE_SEM4_HARD,1.0,-0.07,-0.53
STU_169,11631,COURSE_SEM4_EASY,10.0,-0.07,0.08
STU_170,19004,COURSE_SEM1_MEDIUM,1.0,-0.0,-0.08
STU_170,19004,COURSE_SEM2_MEDIUM,10.0,-0.0,-0.02
STU_170,19004,COURSE_SEM2_HARD,6.0,-0.0,-0.22
STU_170,19004,COURSE_SEM2_EASY,10.0,-0.0,0.33
STU_170,19004,COURSE_SEM4_HARD,2.0,-0.0,-0.46
STU_170,19004,COURSE_SEM4_EASY,10.0,-0.0,0.15
STU_171,13461,COURSE_SEM1_MEDIUM,5.0,-0.09,-0.17
STU_171,13461,COURSE_SEM2_MEDIUM,7.5,-0.09,-0.11
STU_171,13461,COURSE_SEM2_HARD,9.5,-0.09,-0.03
STU_171,13461,COURSE_SEM2_EASY,0.5,-0.09,0.24
STU_171,13461,COURSE_SEM4_HARD,1.5,-0.09,-0.55
STU_171,13461,COURSE_SEM4_EASY,10.0,-0.09,0.06
STU_172,18537,COURSE_SEM1_MEDIUM,8.0,-0.02,-0.1
STU_172,18537,COURSE_SEM2_MEDIUM,0.5,-0.02,-0.04
STU_172,18537,COURSE_SEM2_HARD,9.5,-0.02,-0.24
STU_172,18537,COURSE_SEM2_EASY,5.0,-0.02,0.31
STU_172,18537,COURSE_SEM4_HARD,5.0,-0.02,-0.48
STU_172,18537,COURSE_SEM4_EASY,5.0,-0.02,0.13
STU_173,18121,COURSE_SEM1_MEDIUM,1.5,-0.02,-0.1
STU_173,18121,COURSE_SEM2_MEDIUM,10.0,-0.02,-0.04
STU_173,18121,COURSE_SEM2_HARD,4.0,-0.02,0.04
STU_173,18121,COURSE_SEM2_EASY,9.0,-0.02,0.31
STU_173,18121,COURSE_SEM4_HARD,1.0,-0.02,-0.48
STU_173,18121,COURSE_SEM4_EASY,10.0,-0.02,0.13
STU_174,10177,COURSE_SEM1_MEDIUM,10.0,0.1,0.02
STU_174,10177,COURSE_SEM2_MEDIUM,5.0,0.1,0.08
STU_174,10177,COURSE_SEM2_HARD,10.0,0.1,0.16
STU_174,10177,COURSE_SEM2_EASY,7.5,0.1,0.43
STU_174,10177,COURSE_SEM4_HARD,2.0,0.1,0.18
STU_174,10177,COURSE_SEM4_EASY,10.0,0.1,0.25
STU_175,11636,COURSE_SEM1_MEDIUM,7.0,-0.01,-0.09
STU_175,11636,COURSE_SEM2_MEDIUM,1.0,-0.01,-0.03
STU_175,11636,COURSE_SEM2_HARD,5.5,-0.01,-0.23
STU_175,11636,COURSE_SEM2_EASY,10.0,-0.01,0.32
STU_175,11636,COURSE_SEM4_HARD,2.0,-0.01,-0.47
STU_175,11636,COURSE_SEM4_EASY,3.0,-0.01,0.14
STU_176,10673,COURSE_SEM1_MEDIUM,2.5,-0.01,-0.09
STU_176,10673,COURSE_SEM2_MEDIUM,10.0,-0.01,-0.03
STU_176,10673,COURSE_SEM2_HARD,0.0,-0.01,-0.23
STU_176,10673,COURSE_SEM2_EASY,10.0,-0.01,0.32
STU_176,10673,COURSE_SEM4_HARD,0.0,-0.01,-0.47
STU_176,10673,COURSE_SEM4_EASY,10.0,-0.01,0.14
STU_177,12133,COURSE_SEM1_MEDIUM,9.5,0.02,-0.06
STU_177,12133,COURSE_SEM2_MEDIUM,7.0,0.02,-0.0
STU_177,12133,COURSE_SEM2_HARD,8.0,0.02,0.08
STU_177,12133,COURSE_SEM2_EASY,10.0,0.02,0.35
STU_177,12133,COURSE_SEM4_HARD,1.0,0.02,-0.44
STU_177,12133,COURSE_SEM4_EASY,6.5,0.02,0.17
STU_178,19012,COURSE_SEM1_MEDIUM,4.5,0.02,-0.06
STU_178,19012,COURSE_SEM2_MEDIUM,10.0,0.02,-0.0
STU_178,19012,COURSE_SEM2_HARD,0.0,0.02,-0.2
STU_178,19012,COURSE_SEM2_EASY,10.0,0.02,0.35
STU_178,19012,COURSE_SEM4_HARD,7.0,0.02,0.1
STU_178,19012,COURSE_SEM4_EASY,10.0,0.02,0.17
STU_179,17674,COURSE_SEM1_MEDIUM,10.0,0.07,-0.01
STU_179,17674,COURSE_SEM2_MEDIUM,6.5,0.07,0.05
STU_179,17674,COURSE_SEM2_HARD,8.0,0.07,0.13
STU_179,17674,COURSE_SEM2_EASY,10.0,0.07,0.4
STU_179,17674,COURSE_SEM4_HARD,0.0,0.07,-0.39
STU_179,17674,COURSE_SEM4_EASY,10.0,0.07,0.22
STU_180,12462,COURSE_SEM1_MEDIUM,5.5,-0.0,-0.08
STU_180,12462,COURSE_SEM2_MEDIUM,3.5,-0.0,-0.02
STU_180,12462,COURSE_SEM2_HARD,8.5,-0.0,-0.22
STU_180,12462,COURSE_SEM2_EASY,10.0,-0.0,0.33
STU_180,12462,COURSE_SEM4_HARD,1.5,-0.0,-0.46
STU_180,12462,COURSE_SEM4_EASY,6.5,-0.0,0.15
STU_181,15561,COURSE_SEM1_MEDIUM,5.0,0.01,-0.07
STU_181,15561,COURSE_SEM2_MEDIUM,1.0,0.01,-0.01
STU_181,15561,COURSE_SEM2_HARD,8.5,0.01,0.07
STU_181,15561,COURSE_SEM2_EASY,10.0,0.01,0.34
STU_181,15561,COURSE_SEM4_HARD,5.5,0.01,-0.45
STU_181,15561,COURSE_SEM4_EASY,10.0,0.01,0.16
STU_182,12134,COURSE_SEM1_MEDIUM,0.0,0.08,0.0
STU_182,12134,COURSE_SEM2_MEDIUM,2.5,0.08,0.06
STU_182,12134,COURSE_SEM2_HARD,10.0,0.08,0.14
STU_182,12134,COURSE_SEM2_EASY,7.0,0.08,0.41
STU_182,12134,COURSE_SEM4_HARD,0.0,0.08,-0.38
STU_182,12134,COURSE_SEM4_EASY,10.0,0.08,0.23
STU_183,12462,COURSE_SEM1_MEDIUM,10.0,-0.06,-0.14
STU_183,12462,COURSE_SEM2_MEDIUM,5.0,-0.06,-0.08
STU_183,12462,COURSE_SEM2_HARD,0.0,-0.06,-0.28
STU_183,12462,COURSE_SEM2_EASY,10.0,-0.06,0.27
STU_183,12462,COURSE_SEM4_HARD,1.0,-0.06,-0.52
STU_183,12462,COURSE_SEM4_EASY,7.0,-0.06,0.09
STU_184,16671,COURSE_SEM1_MEDIUM,1.0,0.07,-0.01
STU_184,16671,COURSE_SEM2_MEDIUM,2.0,0.07,0.05
STU_184,16671,COURSE_SEM2_HARD,0.0,0.07,-0.15
STU_184,16671,COURSE_SEM2_EASY,10.0,0.07,0.4
STU_184,16671,COURSE_SEM4_HARD,5.0,0.07,0.15
STU_184,16671,COURSE_SEM4_EASY,5.5,0.07,0.22
STU_185,16231,COURSE_SEM1_MEDIUM,1.5,0.08,-0.0
STU_185,16231,COURSE_SEM2_MEDIUM,10.0,0.08,0.06
STU_185,16231,COURSE_SEM2_HARD,10.0,0.08,-0.14
STU_185,16231,COURSE_SEM2_EASY,10.0,0.08,0.41
STU_185,16231,COURSE_SEM4_HARD,1.0,0.08,-0.38
STU_185,16231,COURSE_SEM4_EASY,7.5,0.08,0.23
STU_186,14341,COURSE_SEM1_MEDIUM,1.0,0.06,-0.02
STU_186,14341,COURSE_SEM2_MEDIUM,5.5,0.06,0.04
STU_186,14341,COURSE_SEM2_HARD,10.0,0.06,0.12
STU_186,14341,COURSE_SEM2_EASY,10.0,0.06,0.39
STU_186,14341,COURSE_SEM4_HARD,9.0,0.06,0.14
STU_186,14341,COURSE_SEM4_EASY,10.0,0.06,0.21
STU_187,18454,COURSE_SEM1_MEDIUM,9.5,-0.01,-0.09
STU_187,18454,COURSE_SEM2_MEDIUM,8.0,-0.01,-0.03
STU_187,18454,COURSE_SEM2_HARD,3.0,-0.01,-0.23
STU_187,18454,COURSE_SEM2_EASY,9.5,-0.01,0.32
STU_187,18454,COURSE_SEM4_HARD,7.5,-0.01,-0.47
STU_187,18454,COURSE_SEM4_EASY,10.0,-0.01,0.14
STU_188,16346,COURSE_SEM1_MEDIUM,3.0,0.01,-0.07
STU_188,16346,COURSE_SEM2_MEDIUM,7.5,0.01,-0.01
STU_188,16346,COURSE_SEM2_HARD,1.5,0.01,-0.21
STU_188,16346,COURSE_SEM2_EASY,10.0,0.01,0.34
STU_188,16346,COURSE_SEM4_HARD,1.0,0.01,-0.45
STU_188,16346,COURSE_SEM4_EASY,3.0,0.01,0.16
STU_189,18648,COURSE_SEM1_MEDIUM,6.0,-0.01,-0.09
STU_189,18648,COURSE_SEM2_MEDIUM,9.0,-0.01,-0.03
STU_189,18648,COURSE_SEM2_HARD,2.0,-0.01,-0.23
STU_189,18648,COURSE_SEM2_EASY,10.0,-0.01,0.32
STU_189,18648,COURSE_SEM4_HARD,7.0,-0.01,0.07
STU_189,18648,COURSE_SEM4_EASY,6.0,-0.01,0.14
STU_190,10431,COURSE_SEM1_MEDIUM,7.5,0.08,-0.0
STU_190,10431,COURSE_SEM2_MEDIUM,0.0,0.08,0.06
STU_190,10431,COURSE_SEM2_HARD,10.0,0.08,-0.14
STU_190,10431,COURSE_SEM2_EASY,10.0,0.08,0.41
STU_190,10431,COURSE_SEM4_HARD,2.0,0.08,-0.38
STU_190,10431,COURSE_SEM4_EASY,10.0,0.08,0.23
STU_191,11145,COURSE_SEM1_MEDIUM,3.5,-0.0,-0.08
STU_191,11145,COURSE_SEM2_MEDIUM,7.0,-0.0,-0.02
STU_191,11145,COURSE_SEM2_HARD,2.0,-0.0,-0.22
STU_191,11145,COURSE_SEM2_EASY,3.5,-0.0,0.33
STU_191,11145,COURSE_SEM4_HARD,0.0,-0.0,-0.46
STU_191,11145,COURSE_SEM4_EASY,0.5,-0.0,0.15
STU_192,10433,COURSE_SEM1_MEDIUM,5.0,0.06,-0.02
STU_192,10433,COURSE_SEM2_MEDIUM,10.0,0.06,0.04
STU_192,10433,COURSE_SEM2_HARD,3.5,0.06,-0.16
STU_192,10433,COURSE_SEM2_EASY,9.0,0.06,0.39
STU_192,10433,COURSE_SEM4_HARD,2.0,0.06,-0.4
STU_192,10433,COURSE_SEM4_EASY,8.5,0.06,0.21
STU_193,10444,COURSE_SEM1_MEDIUM,5.0,-0.09,-0.17
STU_193,10444,COURSE_SEM2_MEDIUM,3.0,-0.09,-0.11
STU_193,10444,COURSE_SEM2_HARD,1.0,-0.09,-0.31
STU_193,10444,COURSE_SEM2_EASY,10.0,-0.09,0.24
STU_193,10444,COURSE_SEM4_HARD,2.0,-0.09,-0.55
STU_193,10444,COURSE_SEM4_EASY,5.0,-0.09,0.06
STU_194,14121,COURSE_SEM1_MEDIUM,10.0,0.07,-0.01
STU_194,14121,COURSE_SEM2_MEDIUM,10.0,0.07,0.05
STU_194,14121,COURSE_SEM2_HARD,10.0,0.07,0.13
STU_194,14121,COURSE_SEM2_EASY,10.0,0.07,0.4
STU_194,14121,COURSE_SEM4_HARD,8.5,0.07,0.15
STU_194,14121,COURSE_SEM4_EASY,10.0,0.07,0.22
STU_195,15238,COURSE_SEM1_MEDIUM,7.5,0.09,0.01
STU_195,15238,COURSE_SEM2_MEDIUM,0.5,0.09,0.07
STU_195,15238,COURSE_SEM2_HARD,3.5,0.09,0.15
STU_195,15238,COURSE_SEM2_EASY,6.5,0.09,0.42
STU_195,15238,COURSE_SEM4_HARD,10.0,0.09,0.17
STU_195,15238,COURSE_SEM4_EASY,8.0,0.09,0.24
STU_196,13342,COURSE_SEM1_MEDIUM,1.5,0.01,-0.07
STU_196,13342,COURSE_SEM2_MEDIUM,10.0,0.01,-0.01
STU_196,13342,COURSE_SEM2_HARD,8.5,0.01,0.07
STU_196,13342,COURSE_SEM2_EASY,10.0,0.01,0.34
STU_196,13342,COURSE_SEM4_HARD,1.0,0.01,-0.45
STU_196,13342,COURSE_SEM4_EASY,8.0,0.01,0.16
STU_197,17673,COURSE_SEM1_MEDIUM,2.0,0.08,-0.0
STU_197,17673,COURSE_SEM2_MEDIUM,7.0,0.08,0.06
STU_197,17673,COURSE_SEM2_HARD,6.0,0.08,0.14
STU_197,17673,COURSE_SEM2_EASY,7.5,0.08,0.41
STU_197,17673,COURSE_SEM4_HARD,7.5,0.08,0.16
STU_197,17673,COURSE_SEM4_EASY,5.0,0.08,0.23
STU_198,18345,COURSE_SEM1_MEDIUM,7.5,0.01,-0.07
STU_198,18345,COURSE_SEM2_MEDIUM,2.5,0.01,-0.01
STU_198,18345,COURSE_SEM2_HARD,3.5,0.01,-0.21
STU_198,18345,COURSE_SEM2_EASY,10.0,0.01,0.34
STU_198,18345,COURSE_SEM4_HARD,2.0,0.01,-0.45
STU_198,18345,COURSE_SEM4_EASY,10.0,0.01,0.16
STU_199,12134,COURSE_SEM1_MEDIUM,0.5,-0.09,-0.17
STU_199,12134,COURSE_SEM2_MEDIUM,10.0,-0.09,-0.11
STU_199,12134,COURSE_SEM2_HARD,0.5,-0.09,-0.31
STU_199,12134,COURSE_SEM2_EASY,10.0,-0.09,0.24
STU_199,12134,COURSE_SEM4_HARD,0.0,-0.09,-0.55
STU_199,12134,COURSE_SEM4_EASY,9.5,-0.09,0.06
STU_200,17235,COURSE_SEM1_MEDIUM,7.5,0.02,-0.06
STU_200,17235,COURSE_SEM2_MEDIUM,1.0,0.02,-0.0
STU_200,17235,COURSE_SEM2_HARD,7.5,0.02,0.08
STU_200,17235,COURSE_SEM2_EASY,10.0,0.02,0.35
STU_200,17235,COURSE_SEM4_HARD,3.0,0.02,-0.44
STU_200,17235,COURSE_SEM4_EASY,10.0,0.02,0.17
STU_201,14671,COURSE_SEM1_MEDIUM,1.0,-0.0,-0.08
STU_201,14671,COURSE_SEM2_MEDIUM,10.0,-0.0,-0.02
STU_201,14671,COURSE_SEM2_HARD,1.0,-0.0,-0.22
STU_201,14671,COURSE_SEM2_EASY,10.0,-0.0,0.33
STU_201,14671,COURSE_SEM4_HARD,0.0,-0.0,-0.46
STU_201,14671,COURSE_SEM4_EASY,5.0,-0.0,0.15
STU_202,11143,COURSE_SEM1_MEDIUM,4.0,0.09,0.01
STU_202,11143,COURSE_SEM2_MEDIUM,7.5,0.09,0.07
STU_202,11143,COURSE_SEM2_HARD,3.5,0.09,0.15
STU_202,11143,COURSE_SEM2_EASY,10.0,0.09,0.42
STU_202,11143,COURSE_SEM4_HARD,5.0,0.09,-0.37
STU_202,11143,COURSE_SEM4_EASY,2.0,0.09,0.24
STU_203,11473,COURSE_SEM1_MEDIUM,6.0,-0.0,-0.08
STU_203,11473,COURSE_SEM2_MEDIUM,10.0,-0.0,-0.02
STU_203,11473,COURSE_SEM2_HARD,3.0,-0.0,-0.22
STU_203,11473,COURSE_SEM2_EASY,3.5,-0.0,0.33
STU_203,11473,COURSE_SEM4_HARD,8.0,-0.0,0.08
STU_203,11473,COURSE_SEM4_EASY,8.5,-0.0,0.15
STU_204,19015,COURSE_SEM1_MEDIUM,8.5,-0.07,-0.15
STU_204,19015,COURSE_SEM2_MEDIUM,6.0,-0.07,-0.09
STU_204,19015,COURSE_SEM2_HARD,0.5,-0.07,-0.29
STU_204,19015,COURSE_SEM2_EASY,5.0,-0.07,0.26
STU_204,19015,COURSE_SEM4_HARD,2.0,-0.07,-0.53
STU_204,19015,COURSE_SEM4_EASY,7.5,-0.07,0.08
STU_205,10561,COURSE_SEM1_MEDIUM,3.0,0.02,-0.06
STU_205,10561,COURSE_SEM2_MEDIUM,10.0,0.02,-0.0
STU_205,10561,COURSE_SEM2_HARD,5.0,0.02,-0.2
STU_205,10561,COURSE_SEM2_EASY,10.0,0.02,0.35
STU_205,10561,COURSE_SEM4_HARD,7.0,0.02,-0.44
STU_205,10561,COURSE_SEM4_EASY,5.0,0.02,0.17
STU_206,11142,COURSE_SEM1_MEDIUM,10.0,0.01,-0.07
STU_206,11142,COURSE_SEM2_MEDIUM,6.5,0.01,-0.01
STU_206,11142,COURSE_SEM2_HARD,8.5,0.01,0.07
STU_206,11142,COURSE_SEM2_EASY,10.0,0.01,0.34
STU_206,11142,COURSE_SEM4_HARD,1.0,0.01,-0.45
STU_206,11142,COURSE_SEM4_EASY,7.0,0.01,0.16
STU_207,11146,COURSE_SEM1_MEDIUM,1.5,-0.02,-0.1
STU_207,11146,COURSE_SEM2_MEDIUM,10.0,-0.02,-0.04
STU_207,11146,COURSE_SEM2_HARD,6.5,-0.02,-0.24
STU_207,11146,COURSE_SEM2_EASY,10.0,-0.02,0.31
STU_207,11146,COURSE_SEM4_HARD,0.0,-0.02,-0.48
STU_207,11146,COURSE_SEM4_EASY,10.0,-0.02,0.13
STU_208,18538,COURSE_SEM1_MEDIUM,1.0,-0.01,-0.09
STU_208,18538,COURSE_SEM2_MEDIUM,0.5,-0.01,-0.03
STU_208,18538,COURSE_SEM2_HARD,1.5,-0.01,-0.23
STU_208,18538,COURSE_SEM2_EASY,8.5,-0.01,0.32
STU_208,18538,COURSE_SEM4_HARD,5.0,-0.01,-0.47
STU_208,18538,COURSE_SEM4_EASY,3.0,-0.01,0.14
STU_209,19007,COURSE_SEM1_MEDIUM,0.0,-0.08,-0.16
STU_209,19007,COURSE_SEM2_MEDIUM,1.0,-0.08,-0.1
STU_209,19007,COURSE_SEM2_HARD,3.0,-0.08,-0.3
STU_209,19007,COURSE_SEM2_EASY,9.0,-0.08,0.25
STU_209,19007,COURSE_SEM4_HARD,1.0,-0.08,-0.54
STU_209,19007,COURSE_SEM4_EASY,9.0,-0.08,0.07
STU_210,12133,COURSE_SEM1_MEDIUM,3.0,-0.07,-0.15
STU_210,12133,COURSE_SEM2_MEDIUM,0.0,-0.07,-0.09
STU_210,12133,COURSE_SEM2_HARD,1.0,-0.07,-0.29
STU_210,12133,COURSE_SEM2_EASY,10.0,-0.07,0.26
STU_210,12133,COURSE_SEM4_HARD,2.0,-0.07,-0.53
STU_210,12133,COURSE_SEM4_EASY,6.5,-0.07,0.08
STU_211,13562,COURSE_SEM1_MEDIUM,2.0,0.0,-0.08
STU_211,13562,COURSE_SEM2_MEDIUM,5.0,0.0,-0.02
STU_211,13562,COURSE_SEM2_HARD,9.5,0.0,0.06
STU_211,13562,COURSE_SEM2_EASY,7.5,0.0,0.33
STU_211,13562,COURSE_SEM4_HARD,0.0,0.0,-0.46
STU_211,13562,COURSE_SEM4_EASY,9.0,0.0,0.15
STU_212,18758,COURSE_SEM1_MEDIUM,2.0,0.01,-0.07
STU_212,18758,COURSE_SEM2_MEDIUM,1.0,0.01,-0.01
STU_212,18758,COURSE_SEM2_HARD,0.5,0.01,0.07
STU_212,18758,COURSE_SEM2_EASY,10.0,0.01,0.34
STU_212,18758,COURSE_SEM4_HARD,1.5,0.01,-0.45
STU_212,18758,COURSE_SEM4_EASY,9.5,0.01,0.16
STU_213,15562,COURSE_SEM1_MEDIUM,7.0,-0.01,-0.09
STU_213,15562,COURSE_SEM2_MEDIUM,6.5,-0.01,-0.03
STU_213,15562,COURSE_SEM2_HARD,0.0,-0.01,-0.23
STU_213,15562,COURSE_SEM2_EASY,9.0,-0.01,0.32
STU_213,15562,COURSE_SEM4_HARD,1.0,-0.01,-0.47
STU_213,15562,COURSE_SEM4_EASY,8.5,-0.01,0.14
STU_214,10553,COURSE_SEM1_MEDIUM,9.0,0.09,0.01
STU_214,10553,COURSE_SEM2_MEDIUM,7.0,0.09,0.07
STU_214,10553,COURSE_SEM2_HARD,5.0,0.09,-0.13
STU_214,10553,COURSE_SEM2_EASY,5.0,0.09,0.42
STU_214,10553,COURSE_SEM4_HARD,8.5,0.09,0.17
STU_214,10553,COURSE_SEM4_EASY,2.5,0.09,0.24
STU_215,10444,COURSE_SEM1_MEDIUM,1.5,0.1,0.02
STU_215,10444,COURSE_SEM2_MEDIUM,8.0,0.1,0.08
STU_215,10444,COURSE_SEM2_HARD,10.0,0.1,0.16
STU_215,10444,COURSE_SEM2_EASY,10.0,0.1,0.43
STU_215,10444,COURSE_SEM4_HARD,10.0,0.1,0.18
STU_215,10444,COURSE_SEM4_EASY,9.0,0.1,0.25
STU_216,10672,COURSE_SEM1_MEDIUM,10.0,0.02,-0.06
STU_216,10672,COURSE_SEM2_MEDIUM,8.5,0.02,-0.0
STU_216,10672,COURSE_SEM2_HARD,3.5,0.02,-0.2
STU_216,10672,COURSE_SEM2_EASY,10.0,0.02,0.35
STU_216,10672,COURSE_SEM4_HARD,10.0,0.02,0.1
STU_216,10672,COURSE_SEM4_EASY,8.5,0.02,0.17
STU_217,18538,COURSE_SEM1_MEDIUM,0.0,0.08,0.0
STU_217,18538,COURSE_SEM2_MEDIUM,5.0,0.08,0.06
STU_217,18538,COURSE_SEM2_HARD,5.5,0.08,0.14
STU_217,18538,COURSE_SEM2_EASY,10.0,0.08,0.41
STU_217,18538,COURSE_SEM4_HARD,8.0,0.08,0.16
STU_217,18538,COURSE_SEM4_EASY,5.0,0.08,0.23
STU_218,18120,COURSE_SEM1_MEDIUM,0.0,-0.07,-0.15
STU_218,18120,COURSE_SEM2_MEDIUM,3.0,-0.07,-0.09
STU_218,18120,COURSE_SEM2_HARD,3.5,-0.07,-0.29
STU_218,18120,COURSE_SEM2_EASY,8.0,-0.07,0.26
STU_218,18120,COURSE_SEM4_HARD,1.0,-0.07,-0.53
STU_218,18120,COURSE_SEM4_EASY,6.5,-0.07,0.08
STU_219,19001,COURSE_SEM1_MEDIUM,10.0,0.08,-0.0
STU_219,19001,COURSE_SEM2_MEDIUM,10.0,0.08,0.06
STU_219,19001,COURSE_SEM2_HARD,8.5,0.08,0.14
STU_219,19001,COURSE_SEM2_EASY,10.0,0.08,0.41
STU_219,19001,COURSE_SEM4_HARD,9.5,0.08,0.16
STU_219,19001,COURSE_SEM4_EASY,8.0,0.08,0.23
STU_220,17672,COURSE_SEM1_MEDIUM,5.0,0.01,-0.07
STU_220,17672,COURSE_SEM2_MEDIUM,7.5,0.01,-0.01
STU_220,17672,COURSE_SEM2_HARD,6.5,0.01,0.07
STU_220,17672,COURSE_SEM2_EASY,10.0,0.01,0.34
STU_220,17672,COURSE_SEM4_HARD,2.0,0.01,-0.45
STU_220,17672,COURSE_SEM4_EASY,10.0,0.01,0.16
STU_221,10440,COURSE_SEM1_MEDIUM,4.0,-0.01,-0.09
STU_221,10440,COURSE_SEM2_MEDIUM,0.0,-0.01,-0.03
STU_221,10440,COURSE_SEM2_HARD,8.0,-0.01,0.05
STU_221,10440,COURSE_SEM2_EASY,10.0,-0.01,0.32
STU_221,10440,COURSE_SEM4_HARD,0.0,-0.01,-0.47
STU_221,10440,COURSE_SEM4_EASY,9.0,-0.01,0.14
STU_222,10438,COURSE_SEM1_MEDIUM,5.5,0.0,-0.08
STU_222,10438,COURSE_SEM2_MEDIUM,6.5,0.0,-0.02
STU_222,10438,COURSE_SEM2_HARD,9.0,0.0,0.06
STU_222,10438,COURSE_SEM2_EASY,8.0,0.0,0.33
STU_222,10438,COURSE_SEM4_HARD,0.0,0.0,-0.46
STU_222,10438,COURSE_SEM4_EASY,6.0,0.0,0.15
STU_223,15354,COURSE_SEM1_MEDIUM,2.0,-0.0,-0.08
STU_223,15354,COURSE_SEM2_MEDIUM,1.0,-0.0,-0.02
STU_223,15354,COURSE_SEM2_HARD,0.0,-0.0,-0.22
STU_223,15354,COURSE_SEM2_EASY,10.0,-0.0,0.33
STU_223,15354,COURSE_SEM4_HARD,9.0,-0.0,0.08
STU_223,15354,COURSE_SEM4_EASY,5.5,-0.0,0.15
STU_224,17342,COURSE_SEM1_MEDIUM,5.5,-0.02,-0.1
STU_224,17342,COURSE_SEM2_MEDIUM,0.5,-0.02,-0.04
STU_224,17342,COURSE_SEM2_HARD,2.0,-0.02,0.04
STU_224,17342,COURSE_SEM2_EASY,10.0,-0.02,0.31
STU_224,17342,COURSE_SEM4_HARD,5.5,-0.02,0.06
STU_224,17342,COURSE_SEM4_EASY,10.0,-0.02,0.13
STU_225,18233,COURSE_SEM1_MEDIUM,10.0,-0.08,-0.16
STU_225,18233,COURSE_SEM2_MEDIUM,0.5,-0.08,-0.1
STU_225,18233,COURSE_SEM2_HARD,3.0,-0.08,-0.3
STU_225,18233,COURSE_SEM2_EASY,9.0,-0.08,0.25
STU_225,18233,COURSE_SEM4_HARD,5.5,-0.08,-0.54
STU_225,18233,COURSE_SEM4_EASY,10.0,-0.08,0.07
STU_226,11523,COURSE_SEM1_MEDIUM,5.0,-0.09,-0.17
STU_226,11523,COURSE_SEM2_MEDIUM,3.0,-0.09,-0.11
STU_226,11523,COURSE_SEM2_HARD,3.0,-0.09,-0.31
STU_226,11523,COURSE_SEM2_EASY,8.0,-0.09,0.24
STU_226,11523,COURSE_SEM4_HARD,0.0,-0.09,-0.55
STU_226,11523,COURSE_SEM4_EASY,3.5,-0.09,0.06
STU_227,18344,COURSE_SEM1_MEDIUM,10.0,-0.09,-0.17
STU_227,18344,COURSE_SEM2_MEDIUM,10.0,-0.09,-0.11
STU_227,18344,COURSE_SEM2_HARD,0.5,-0.09,-0.31
STU_227,18344,COURSE_SEM2_EASY,1.5,-0.09,0.24
STU_227,18344,COURSE_SEM4_HARD,1.0,-0.09,-0.55
STU_227,18344,COURSE_SEM4_EASY,0.0,-0.09,0.06
STU_228,11252,COURSE_SEM1_MEDIUM,2.5,-0.0,-0.08
STU_228,11252,COURSE_SEM2_MEDIUM,10.0,-0.0,-0.02
STU_228,11252,COURSE_SEM2_HARD,0.5,-0.0,-0.22
STU_228,11252,COURSE_SEM2_EASY,9.5,-0.0,0.33
STU_228,11252,COURSE_SEM4_HARD,2.0,-0.0,-0.46
STU_228,11252,COURSE_SEM4_EASY,1.0,-0.0,0.15
STU_229,18122,COURSE_SEM1_MEDIUM,2.5,0.09,0.01
STU_229,18122,COURSE_SEM2_MEDIUM,7.5,0.09,0.07
STU_229,18122,COURSE_SEM2_HARD,2.0,0.09,-0.13
STU_229,18122,COURSE_SEM2_EASY,10.0,0.09,0.42
STU_229,18122,COURSE_SEM4_HARD,1.0,0.09,0.17
STU_229,18122,COURSE_SEM4_EASY,8.5,0.09,0.24
STU_230,11521,COURSE_SEM1_MEDIUM,5.5,0.02,-0.06
STU_230,11521,COURSE_SEM2_MEDIUM,7.0,0.02,-0.0
STU_230,11521,COURSE_SEM2_HARD,6.5,0.02,-0.2
STU_230,11521,COURSE_SEM2_EASY,8.0,0.02,0.35
STU_230,11521,COURSE_SEM4_HARD,2.0,0.02,-0.44
STU_230,11521,COURSE_SEM4_EASY,2.0,0.02,0.17
STU_231,13344,COURSE_SEM1_MEDIUM,5.0,-0.09,-0.17
STU_231,13344,COURSE_SEM2_MEDIUM,7.0,-0.09,-0.11
STU_231,13344,COURSE_SEM2_HARD,5.0,-0.09,-0.31
STU_231,13344,COURSE_SEM2_EASY,10.0,-0.09,0.24
STU_231,13344,COURSE_SEM4_HARD,1.0,-0.09,-0.55
STU_231,13344,COURSE_SEM4_EASY,7.5,-0.09,0.06
STU_232,10444,COURSE_SEM1_MEDIUM,4.0,0.09,0.01
STU_232,10444,COURSE_SEM2_MEDIUM,6.5,0.09,0.07
STU_232,10444,COURSE_SEM2_HARD,10.0,0.09,0.15
STU_232,10444,COURSE_SEM2_EASY,10.0,0.09,0.42
STU_232,10444,COURSE_SEM4_HARD,0.0,0.09,-0.37
STU_232,10444,COURSE_SEM4_EASY,10.0,0.09,0.24
STU_233,11146,COURSE_SEM1_MEDIUM,10.0,0.01,-0.07
STU_233,11146,COURSE_SEM2_MEDIUM,1.0,0.01,-0.01
STU_233,11146,COURSE_SEM2_HARD,3.0,0.01,-0.21
STU_233,11146,COURSE_SEM2_EASY,5.0,0.01,0.34
STU_233,11146,COURSE_SEM4_HARD,0.0,0.01,-0.45
STU_233,11146,COURSE_SEM4_EASY,7.5,0.01,0.16
STU_234,11528,COURSE_SEM1_MEDIUM,8.0,-0.1,-0.18
STU_234,11528,COURSE_SEM2_MEDIUM,4.0,-0.1,-0.12
STU_234,11528,COURSE_SEM2_HARD,3.5,-0.1,-0.32
STU_234,11528,COURSE_SEM2_EASY,3.0,-0.1,0.23
STU_234,11528,COURSE_SEM4_HARD,3.5,-0.1,-0.56
STU_234,11528,COURSE_SEM4_EASY,5.0,-0.1,0.05
STU_235,10442,COURSE_SEM1_MEDIUM,7.5,0.08,-0.0
STU_235,10442,COURSE_SEM2_MEDIUM,10.0,0.08,0.06
STU_235,10442,COURSE_SEM2_HARD,3.0,0.08,-0.14
STU_235,10442,COURSE_SEM2_EASY,9.0,0.08,0.41
STU_235,10442,COURSE_SEM4_HARD,0.0,0.08,-0.38
STU_235,10442,COURSE_SEM4_EASY,10.0,0.08,0.23
STU_236,12133,COURSE_SEM1_MEDIUM,3.0,-0.1,-0.18
STU_236,12133,COURSE_SEM2_MEDIUM,3.0,-0.1,-0.12
STU_236,12133,COURSE_SEM2_HARD,0.0,-0.1,-0.32
STU_236,12133,COURSE_SEM2_EASY,9.5,-0.1,0.23
STU_236,12133,COURSE_SEM4_HARD,3.0,-0.1,-0.56
STU_236,12133,COURSE_SEM4_EASY,1.5,-0.1,0.05
STU_237,15561,COURSE_SEM1_MEDIUM,1.0,0.0,-0.08
STU_237,15561,COURSE_SEM2_MEDIUM,2.0,0.0,-0.02
STU_237,15561,COURSE_SEM2_HARD,5.0,0.0,-0.22
STU_237,15561,COURSE_SEM2_EASY,5.0,0.0,0.33
STU_237,15561,COURSE_SEM4_HARD,6.0,0.0,0.08
STU_237,15561,COURSE_SEM4_EASY,10.0,0.0,0.15
STU_238,13672,COURSE_SEM1_MEDIUM,8.5,-0.01,-0.09
STU_238,13672,COURSE_SEM2_MEDIUM,4.5,-0.01,-0.03
STU_238,13672,COURSE_SEM2_HARD,3.0,-0.01,0.05
STU_238,13672,COURSE_SEM2_EASY,7.5,-0.01,0.32
STU_238,13672,COURSE_SEM4_HARD,1.0,-0.01,-0.47
STU_238,13672,COURSE_SEM4_EASY,2.0,-0.01,0.14
STU_239,16673,COURSE_SEM1_MEDIUM,10.0,-0.09,-0.17
STU_239,16673,COURSE_SEM2_MEDIUM,5.0,-0.09,-0.11
STU_239,16673,COURSE_SEM2_HARD,1.0,-0.09,-0.31
STU_239,16673,COURSE_SEM2_EASY,10.0,-0.09,0.24
STU_239,16673,COURSE_SEM4_HARD,2.0,-0.09,-0.55
STU_239,16673,COURSE_SEM4_EASY,3.5,-0.09,0.06
STU_240,17122,COURSE_SEM1_MEDIUM,0.0,0.02,-0.06
STU_240,17122,COURSE_SEM2_MEDIUM,0.0,0.02,-0.0
STU_240,17122,COURSE_SEM2_HARD,1.0,0.02,-0.2
STU_240,17122,COURSE_SEM2_EASY,10.0,0.02,0.35
STU_240,17122,COURSE_SEM4_HARD,0.0,0.02,-0.44
STU_240,17122,COURSE_SEM4_EASY,6.0,0.02,0.17
STU_241,18539,COURSE_SEM1_MEDIUM,4.5,0.01,-0.07
STU_241,18539,COURSE_SEM2_MEDIUM,7.5,0.01,-0.01
STU_241,18539,COURSE_SEM2_HARD,10.0,0.01,0.07
STU_241,18539,COURSE_SEM2_EASY,10.0,0.01,0.34
STU_241,18539,COURSE_SEM4_HARD,0.5,0.01,-0.45
STU_241,18539,COURSE_SEM4_EASY,10.0,0.01,0.16
STU_242,14122,COURSE_SEM1_MEDIUM,6.5,-0.06,-0.14
STU_242,14122,COURSE_SEM2_MEDIUM,0.0,-0.06,-0.08
STU_242,14122,COURSE_SEM2_HARD,3.0,-0.06,-0.28
STU_242,14122,COURSE_SEM2_EASY,9.5,-0.06,0.27
STU_242,14122,COURSE_SEM4_HARD,0.0,-0.06,-0.52
STU_242,14122,COURSE_SEM4_EASY,7.5,-0.06,0.09
STU_243,12131,COURSE_SEM1_MEDIUM,8.0,0.1,0.02
STU_243,12131,COURSE_SEM2_MEDIUM,10.0,0.1,0.08
STU_243,12131,COURSE_SEM2_HARD,6.0,0.1,0.16
STU_243,12131,COURSE_SEM2_EASY,10.0,0.1,0.43
STU_243,12131,COURSE_SEM4_HARD,0.5,0.1,-0.36
STU_243,12131,COURSE_SEM4_EASY,10.0,0.1,0.25
STU_244,17564,COURSE_SEM1_MEDIUM,10.0,-0.01,-0.09
STU_244,17564,COURSE_SEM2_MEDIUM,7.5,-0.01,-0.03
STU_244,17564,COURSE_SEM2_HARD,1.0,-0.01,-0.23
STU_244,17564,COURSE_SEM2_EASY,8.5,-0.01,0.32
STU_244,17564,COURSE_SEM4_HARD,5.0,-0.01,-0.47
STU_244,17564,COURSE_SEM4_EASY,10.0,-0.01,0.14
STU_245,10555,COURSE_SEM1_MEDIUM,2.5,-0.01,-0.09
STU_245,10555,COURSE_SEM2_MEDIUM,0.5,-0.01,-0.03
STU_245,10555,COURSE_SEM2_HARD,2.0,-0.01,-0.23
STU_245,10555,COURSE_SEM2_EASY,10.0,-0.01,0.32
STU_245,10555,COURSE_SEM4_HARD,0.0,-0.01,-0.47
STU_245,10555,COURSE_SEM4_EASY,7.5,-0.01,0.14
STU_246,10563,COURSE_SEM1_MEDIUM,3.0,0.0,-0.08
STU_246,10563,COURSE_SEM2_MEDIUM,8.0,0.0,-0.02
STU_246,10563,COURSE_SEM2_HARD,10.0,0.0,0.06
STU_246,10563,COURSE_SEM2_EASY,10.0,0.0,0.33
STU_246,10563,COURSE_SEM4_HARD,1.0,0.0,-0.46
STU_246,10563,COURSE_SEM4_EASY,10.0,0.0,0.15
STU_247,19004,COURSE_SEM1_MEDIUM,4.0,0.09,0.01
STU_247,19004,COURSE_SEM2_MEDIUM,10.0,0.09,0.07
STU_247,19004,COURSE_SEM2_HARD,10.0,0.09,0.15
STU_247,19004,COURSE_SEM2_EASY,10.0,0.09,0.42
STU_247,19004,COURSE_SEM4_HARD,10.0,0.09,0.17
STU_247,19004,COURSE_SEM4_EASY,2.5,0.09,0.24
STU_248,14341,COURSE_SEM1_MEDIUM,1.0,0.07,-0.01
STU_248,14341,COURSE_SEM2_MEDIUM,10.0,0.07,0.05
STU_248,14341,COURSE_SEM2_HARD,1.0,0.07,-0.15
STU_248,14341,COURSE_SEM2_EASY,10.0,0.07,0.4
STU_248,14341,COURSE_SEM4_HARD,9.0,0.07,0.15
STU_248,14341,COURSE_SEM4_EASY,4.5,0.07,0.22
STU_249,14234,COURSE_SEM1_MEDIUM,4.0,-0.01,-0.09
STU_249,14234,COURSE_SEM2_MEDIUM,10.0,-0.01,-0.03
STU_249,14234,COURSE_SEM2_HARD,0.0,-0.01,-0.23
STU_249,14234,COURSE_SEM2_EASY,10.0,-0.01,0.32
STU_249,14234,COURSE_SEM4_HARD,2.0,-0.01,-0.47
STU_249,14234,COURSE_SEM4_EASY,7.0,-0.01,0.14
STU_250,18755,COURSE_SEM1_MEDIUM,0.5,0.0,-0.08
STU_250,18755,COURSE_SEM2_MEDIUM,9.0,0.0,-0.02
STU_250,18755,COURSE_SEM2_HARD,8.0,0.0,0.06
STU_250,18755,COURSE_SEM2_EASY,10.0,0.0,0.33
STU_250,18755,COURSE_SEM4_HARD,2.0,0.0,-0.46
STU_250,18755,COURSE_SEM4_EASY,8.0,0.0,0.15
STU_251,18453,COURSE_SEM1_MEDIUM,5.0,-0.06,-0.14
STU_251,18453,COURSE_SEM2_MEDIUM,5.5,-0.06,-0.08
STU_251,18453,COURSE_SEM2_HARD,4.0,-0.06,-0.28
STU_251,18453,COURSE_SEM2_EASY,10.0,-0.06,0.27
STU_251,18453,COURSE_SEM4_HARD,0.0,-0.06,-0.52
STU_251,18453,COURSE_SEM4_EASY,1.0,-0.06,0.09
STU_252,10563,COURSE_SEM1_MEDIUM,10.0,0.07,-0.01
STU_252,10563,COURSE_SEM2_MEDIUM,9.0,0.07,0.05
STU_252,10563,COURSE_SEM2_HARD,5.5,0.07,-0.15
STU_252,10563,COURSE_SEM2_EASY,10.0,0.07,0.4
STU_252,10563,COURSE_SEM4_HARD,1.5,0.07,-0.39
STU_252,10563,COURSE_SEM4_EASY,5.0,0.07,0.22
STU_253,11852,COURSE_SEM1_MEDIUM,5.5,-0.07,-0.15
STU_253,11852,COURSE_SEM2_MEDIUM,3.5,-0.07,-0.09
STU_253,11852,COURSE_SEM2_HARD,0.5,-0.07,-0.29
STU_253,11852,COURSE_SEM2_EASY,10.0,-0.07,0.26
STU_253,11852,COURSE_SEM4_HARD,2.0,-0.07,-0.53
STU_253,11852,COURSE_SEM4_EASY,9.5,-0.07,0.08
STU_254,10563,COURSE_SEM1_MEDIUM,3.5,0.09,0.01
STU_254,10563,COURSE_SEM2_MEDIUM,1.5,0.09,0.07
STU_254,10563,COURSE_SEM2_HARD,9.0,0.09,0.15
STU_254,10563,COURSE_SEM2_EASY,10.0,0.09,0.42
STU_254,10563,COURSE_SEM4_HARD,9.5,0.09,0.17
STU_254,10563,COURSE_SEM4_EASY,6.0,0.09,0.24
STU_255,18453,COURSE_SEM1_MEDIUM,5.5,0.06,-0.02
STU_255,18453,COURSE_SEM2_MEDIUM,10.0,0.06,0.04
STU_255,18453,COURSE_SEM2_HARD,5.0,0.06,0.12
STU_255,18453,COURSE_SEM2_EASY,10.0,0.06,0.39
STU_255,18453,COURSE_SEM4_HARD,10.0,0.06,0.14
STU_255,18453,COURSE_SEM4_EASY,9.5,0.06,0.21
STU_256,14231,COURSE_SEM1_MEDIUM,8.5,0.02,-0.06
STU_256,14231,COURSE_SEM2_MEDIUM,8.5,0.02,-0.0
STU_256,14231,COURSE_SEM2_HARD,1.0,0.02,-0.2
STU_256,14231,COURSE_SEM2_EASY,9.0,0.02,0.35
STU_256,14231,COURSE_SEM4_HARD,1.0,0.02,-0.44
STU_256,14231,COURSE_SEM4_EASY,7.5,0.02,0.17
STU_257,18537,COURSE_SEM1_MEDIUM,6.5,0.08,-0.0
STU_257,18537,COURSE_SEM2_MEDIUM,3.0,0.08,0.06
STU_257,18537,COURSE_SEM2_HARD,7.5,0.08,0.14
STU_257,18537,COURSE_SEM2_EASY,10.0,0.08,0.41
STU_257,18537,COURSE_SEM4_HARD,10.0,0.08,0.16
STU_257,18537,COURSE_SEM4_EASY,10.0,0.08,0.23
STU_258,10673,COURSE_SEM1_MEDIUM,9.5,-0.1,-0.18
STU_258,10673,COURSE_SEM2_MEDIUM,5.0,-0.1,-0.12
STU_258,10673,COURSE_SEM2_HARD,6.5,-0.1,-0.32
STU_258,10673,COURSE_SEM2_EASY,10.0,-0.1,0.23
STU_258,10673,COURSE_SEM4_HARD,0.0,-0.1,-0.56
STU_258,10673,COURSE_SEM4_EASY,5.5,-0.1,0.05
STU_259,12241,COURSE_SEM1_MEDIUM,1.5,-0.02,-0.1
STU_259,12241,COURSE_SEM2_MEDIUM,10.0,-0.02,-0.04
STU_259,12241,COURSE_SEM2_HARD,7.5,-0.02,-0.24
STU_259,12241,COURSE_SEM2_EASY,10.0,-0.02,0.31
STU_259,12241,COURSE_SEM4_HARD,5.5,-0.02,-0.48
STU_259,12241,COURSE_SEM4_EASY,8.5,-0.02,0.13
STU_260,10440,COURSE_SEM1_MEDIUM,6.0,0.1,0.02
STU_260,10440,COURSE_SEM2_MEDIUM,9.5,0.1,0.08
STU_260,10440,COURSE_SEM2_HARD,10.0,0.1,0.16
STU_260,10440,COURSE_SEM2_EASY,10.0,0.1,0.43
STU_260,10440,COURSE_SEM4_HARD,2.5,0.1,-0.36
STU_260,10440,COURSE_SEM4_EASY,10.0,0.1,0.25
STU_261,17562,COURSE_SEM1_MEDIUM,3.0,-0.01,-0.09
STU_261,17562,COURSE_SEM2_MEDIUM,2.5,-0.01,-0.03
STU_261,17562,COURSE_SEM2_HARD,1.0,-0.01,-0.23
STU_261,17562,COURSE_SEM2_EASY,8.5,-0.01,0.32
STU_261,17562,COURSE_SEM4_HARD,2.0,-0.01,-0.47
STU_261,17562,COURSE_SEM4_EASY,6.5,-0.01,0.14
STU_262,11634,COURSE_SEM1_MEDIUM,0.5,-0.02,-0.1
STU_262,11634,COURSE_SEM2_MEDIUM,1.0,-0.02,-0.04
STU_262,11634,COURSE_SEM2_HARD,1.0,-0.02,-0.24
STU_262,11634,COURSE_SEM2_EASY,5.5,-0.02,0.31
STU_262,11634,COURSE_SEM4_HARD,1.0,-0.02,-0.48
STU_262,11634,COURSE_SEM4_EASY,5.0,-0.02,0.13
STU_263,11144,COURSE_SEM1_MEDIUM,3.0,-0.08,-0.16
STU_263,11144,COURSE_SEM2_MEDIUM,8.0,-0.08,-0.1
STU_263,11144,COURSE_SEM2_HARD,7.5,-0.08,-0.3
STU_263,11144,COURSE_SEM2_EASY,5.0,-0.08,0.25
STU_263,11144,COURSE_SEM4_HARD,2.0,-0.08,-0.54
STU_263,11144,COURSE_SEM4_EASY,6.5,-0.08,0.07
STU_264,15561,COURSE_SEM1_MEDIUM,5.0,-0.0,-0.08
STU_264,15561,COURSE_SEM2_MEDIUM,3.0,-0.0,-0.02
STU_264,15561,COURSE_SEM2_HARD,3.0,-0.0,-0.22
STU_264,15561,COURSE_SEM2_EASY,8.0,-0.0,0.33
STU_264,15561,COURSE_SEM4_HARD,9.0,-0.0,0.08
STU_264,15561,COURSE_SEM4_EASY,10.0,-0.0,0.15
STU_265,17122,COURSE_SEM1_MEDIUM,1.0,-0.09,-0.17
STU_265,17122,COURSE_SEM2_MEDIUM,0.0,-0.09,-0.11
STU_265,17122,COURSE_SEM2_HARD,10.0,-0.09,-0.03
STU_265,17122,COURSE_SEM2_EASY,8.0,-0.09,0.24
STU_265,17122,COURSE_SEM4_HARD,2.0,-0.09,-0.55
STU_265,17122,COURSE_SEM4_EASY,5.5,-0.09,0.06
STU_266,11632,COURSE_SEM1_MEDIUM,1.0,-0.01,-0.09
STU_266,11632,COURSE_SEM2_MEDIUM,2.0,-0.01,-0.03
STU_266,11632,COURSE_SEM2_HARD,1.5,-0.01,-0.23
STU_266,11632,COURSE_SEM2_EASY,10.0,-0.01,0.32
STU_266,11632,COURSE_SEM4_HARD,10.0,-0.01,0.07
STU_266,11632,COURSE_SEM4_EASY,8.0,-0.01,0.14
STU_267,10173,COURSE_SEM1_MEDIUM,0.0,0.02,-0.06
STU_267,10173,COURSE_SEM2_MEDIUM,0.5,0.02,-0.0
STU_267,10173,COURSE_SEM2_HARD,5.0,0.02,-0.2
STU_267,10173,COURSE_SEM2_EASY,10.0,0.02,0.35
STU_267,10173,COURSE_SEM4_HARD,0.0,0.02,-0.44
STU_267,10173,COURSE_SEM4_EASY,10.0,0.02,0.17
STU_268,10558,COURSE_SEM1_MEDIUM,7.5,0.01,-0.07
STU_268,10558,COURSE_SEM2_MEDIUM,2.5,0.01,-0.01
STU_268,10558,COURSE_SEM2_HARD,10.0,0.01,0.07
STU_268,10558,COURSE_SEM2_EASY,10.0,0.01,0.34
STU_268,10558,COURSE_SEM4_HARD,1.5,0.01,0.09
STU_268,10558,COURSE_SEM4_EASY,7.5,0.01,0.16
STU_269,10441,COURSE_SEM1_MEDIUM,10.0,-0.01,-0.09
STU_269,10441,COURSE_SEM2_MEDIUM,9.0,-0.01,-0.03
STU_269,10441,COURSE_SEM2_HARD,7.5,-0.01,-0.23
STU_269,10441,COURSE_SEM2_EASY,8.0,-0.01,0.32
STU_269,10441,COURSE_SEM4_HARD,0.0,-0.01,-0.47
STU_269,10441,COURSE_SEM4_EASY,2.5,-0.01,0.14
STU_270,11476,COURSE_SEM1_MEDIUM,6.0,-0.09,-0.17
STU_270,11476,COURSE_SEM2_MEDIUM,3.0,-0.09,-0.11
STU_270,11476,COURSE_SEM2_HARD,9.5,-0.09,-0.31
STU_270,11476,COURSE_SEM2_EASY,10.0,-0.09,0.24
STU_270,11476,COURSE_SEM4_HARD,0.0,-0.09,-0.55
STU_270,11476,COURSE_SEM4_EASY,8.5,-0.09,0.06
STU_271,18542,COURSE_SEM1_MEDIUM,2.0,-0.06,-0.14
STU_271,18542,COURSE_SEM2_MEDIUM,5.0,-0.06,-0.08
STU_271,18542,COURSE_SEM2_HARD,4.0,-0.06,-0.28
STU_271,18542,COURSE_SEM2_EASY,5.0,-0.06,0.27
STU_271,18542,COURSE_SEM4_HARD,0.0,-0.06,-0.52
STU_271,18542,COURSE_SEM4_EASY,4.0,-0.06,0.09
STU_272,10683,COURSE_SEM1_MEDIUM,2.0,0.08,-0.0
STU_272,10683,COURSE_SEM2_MEDIUM,8.5,0.08,0.06
STU_272,10683,COURSE_SEM2_HARD,9.5,0.08,0.14
STU_272,10683,COURSE_SEM2_EASY,7.5,0.08,0.41
STU_272,10683,COURSE_SEM4_HARD,6.0,0.08,-0.38
STU_272,10683,COURSE_SEM4_EASY,10.0,0.08,0.23
STU_273,10173,COURSE_SEM1_MEDIUM,1.5,-0.1,-0.18
STU_273,10173,COURSE_SEM2_MEDIUM,0.0,-0.1,-0.12
STU_273,10173,COURSE_SEM2_HARD,10.0,-0.1,-0.32
STU_273,10173,COURSE_SEM2_EASY,10.0,-0.1,0.23
STU_273,10173,COURSE_SEM4_HARD,0.0,-0.1,-0.56
STU_273,10173,COURSE_SEM4_EASY,7.5,-0.1,0.05
STU_274,11528,COURSE_SEM1_MEDIUM,8.5,0.08,-0.0
STU_274,11528,COURSE_SEM2_MEDIUM,0.0,0.08,0.06
STU_274,11528,COURSE_SEM2_HARD,0.0,0.08,-0.14
STU_274,11528,COURSE_SEM2_EASY,10.0,0.08,0.41
STU_274,11528,COURSE_SEM4_HARD,5.5,0.08,0.16
STU_274,11528,COURSE_SEM4_EASY,10.0,0.08,0.23
STU_275,10444,COURSE_SEM1_MEDIUM,6.5,-0.0,-0.08
STU_275,10444,COURSE_SEM2_MEDIUM,5.0,-0.0,-0.02
STU_275,10444,COURSE_SEM2_HARD,3.0,-0.0,0.06
STU_275,10444,COURSE_SEM2_EASY,8.5,-0.0,0.33
STU_275,10444,COURSE_SEM4_HARD,0.0,-0.0,-0.46
STU_275,10444,COURSE_SEM4_EASY,8.5,-0.0,0.15
STU_276,10677,COURSE_SEM1_MEDIUM,10.0,-0.07,-0.15
STU_276,10677,COURSE_SEM2_MEDIUM,1.0,-0.07,-0.09
STU_276,10677,COURSE_SEM2_HARD,3.0,-0.07,-0.29
STU_276,10677,COURSE_SEM2_EASY,10.0,-0.07,0.26
STU_276,10677,COURSE_SEM4_HARD,1.5,-0.07,-0.53
STU_276,10677,COURSE_SEM4_EASY,9.0,-0.07,0.08
STU_277,17655,COURSE_SEM1_MEDIUM,1.0,-0.1,-0.18
STU_277,17655,COURSE_SEM2_MEDIUM,2.0,-0.1,-0.12
STU_277,17655,COURSE_SEM2_HARD,2.0,-0.1,-0.32
STU_277,17655,COURSE_SEM2_EASY,8.0,-0.1,0.23
STU_277,17655,COURSE_SEM4_HARD,0.0,-0.1,-0.56
STU_277,17655,COURSE_SEM4_EASY,9.5,-0.1,0.05
STU_278,10552,COURSE_SEM1_MEDIUM,5.0,-0.08,-0.16
STU_278,10552,COURSE_SEM2_MEDIUM,1.0,-0.08,-0.1
STU_278,10552,COURSE_SEM2_HARD,6.5,-0.08,-0.3
STU_278,10552,COURSE_SEM2_EASY,5.5,-0.08,0.25
STU_278,10552,COURSE_SEM4_HARD,1.0,-0.08,-0.54
STU_278,10552,COURSE_SEM4_EASY,10.0,-0.08,0.07
STU_279,18757,COURSE_SEM1_MEDIUM,6.0,0.02,-0.06
STU_279,18757,COURSE_SEM2_MEDIUM,10.0,0.02,-0.0
STU_279,18757,COURSE_SEM2_HARD,10.0,0.02,0.08
STU_279,18757,COURSE_SEM2_EASY,7.0,0.02,0.35
STU_279,18757,COURSE_SEM4_HARD,0.5,0.02,-0.44
STU_279,18757,COURSE_SEM4_EASY,10.0,0.02,0.17
STU_280,14562,COURSE_SEM1_MEDIUM,8.0,-0.1,-0.18
STU_280,14562,COURSE_SEM2_MEDIUM,8.5,-0.1,-0.12
STU_280,14562,COURSE_SEM2_HARD,6.0,-0.1,-0.32
STU_280,14562,COURSE_SEM2_EASY,10.0,-0.1,0.23
STU_280,14562,COURSE_SEM4_HARD,0.5,-0.1,-0.56
STU_280,14562,COURSE_SEM4_EASY,6.5,-0.1,0.05
STU_281,13561,COURSE_SEM1_MEDIUM,6.0,-0.08,-0.16
STU_281,13561,COURSE_SEM2_MEDIUM,1.5,-0.08,-0.1
STU_281,13561,COURSE_SEM2_HARD,2.0,-0.08,-0.3
STU_281,13561,COURSE_SEM2_EASY,9.5,-0.08,0.25
STU_281,13561,COURSE_SEM4_HARD,5.0,-0.08,-0.54
STU_281,13561,COURSE_SEM4_EASY,1.0,-0.08,0.07
STU_282,13341,COURSE_SEM1_MEDIUM,1.0,0.1,0.02
STU_282,13341,COURSE_SEM2_MEDIUM,10.0,0.1,0.08
STU_282,13341,COURSE_SEM2_HARD,2.5,0.1,0.16
STU_282,13341,COURSE_SEM2_EASY,8.0,0.1,0.43
STU_282,13341,COURSE_SEM4_HARD,5.0,0.1,0.18
STU_282,13341,COURSE_SEM4_EASY,8.5,0.1,0.25
STU_283,18541,COURSE_SEM1_MEDIUM,2.0,-0.07,-0.15
STU_283,18541,COURSE_SEM2_MEDIUM,7.5,-0.07,-0.09
STU_283,18541,COURSE_SEM2_HARD,0.0,-0.07,-0.29
STU_283,18541,COURSE_SEM2_EASY,0.0,-0.07,0.26
STU_283,18541,COURSE_SEM4_HARD,6.5,-0.07,-0.53
STU_283,18541,COURSE_SEM4_EASY,8.0,-0.07,0.08
STU_284,19015,COURSE_SEM1_MEDIUM,0.0,-0.08,-0.16
STU_284,19015,COURSE_SEM2_MEDIUM,4.5,-0.08,-0.1
STU_284,19015,COURSE_SEM2_HARD,1.0,-0.08,-0.3
STU_284,19015,COURSE_SEM2_EASY,5.0,-0.08,0.25
STU_284,19015,COURSE_SEM4_HARD,1.0,-0.08,-0.54
STU_284,19015,COURSE_SEM4_EASY,5.0,-0.08,0.07
STU_285,11855,COURSE_SEM1_MEDIUM,0.5,0.02,-0.06
STU_285,11855,COURSE_SEM2_MEDIUM,6.0,0.02,-0.0
STU_285,11855,COURSE_SEM2_HARD,3.5,0.02,-0.2
STU_285,11855,COURSE_SEM2_EASY,10.0,0.02,0.35
STU_285,11855,COURSE_SEM4_HARD,5.0,0.02,-0.44
STU_285,11855,COURSE_SEM4_EASY,10.0,0.02,0.17
STU_286,18758,COURSE_SEM1_MEDIUM,7.5,-0.09,-0.17
STU_286,18758,COURSE_SEM2_MEDIUM,3.0,-0.09,-0.11
STU_286,18758,COURSE_SEM2_HARD,7.0,-0.09,-0.03
STU_286,18758,COURSE_SEM2_EASY,7.0,-0.09,0.24
STU_286,18758,COURSE_SEM4_HARD,1.0,-0.09,-0.55
STU_286,18758,COURSE_SEM4_EASY,10.0,-0.09,0.06
STU_287,15122,COURSE_SEM1_MEDIUM,8.5,-0.0,-0.08
STU_287,15122,COURSE_SEM2_MEDIUM,6.0,-0.0,-0.02
STU_287,15122,COURSE_SEM2_HARD,3.5,-0.0,-0.22
STU_287,15122,COURSE_SEM2_EASY,9.5,-0.0,0.33
STU_287,15122,COURSE_SEM4_HARD,0.0,-0.0,-0.46
STU_287,15122,COURSE_SEM4_EASY,5.5,-0.0,0.15
STU_288,15126,COURSE_SEM1_MEDIUM,10.0,0.09,0.01
STU_288,15126,COURSE_SEM2_MEDIUM,1.5,0.09,0.07
STU_288,15126,COURSE_SEM2_HARD,10.0,0.09,0.15
STU_288,15126,COURSE_SEM2_EASY,10.0,0.09,0.42
STU_288,15126,COURSE_SEM4_HARD,10.0,0.09,0.17
STU_288,15126,COURSE_SEM4_EASY,10.0,0.09,0.24
STU_289,13344,COURSE_SEM1_MEDIUM,10.0,-0.1,-0.18
STU_289,13344,COURSE_SEM2_MEDIUM,5.0,-0.1,-0.12
STU_289,13344,COURSE_SEM2_HARD,0.0,-0.1,-0.32
STU_289,13344,COURSE_SEM2_EASY,5.0,-0.1,0.23
STU_289,13344,COURSE_SEM4_HARD,0.0,-0.1,-0.56
STU_289,13344,COURSE_SEM4_EASY,7.5,-0.1,0.05
STU_290,11254,COURSE_SEM1_MEDIUM,1.0,0.01,-0.07
STU_290,11254,COURSE_SEM2_MEDIUM,5.0,0.01,-0.01
STU_290,11254,COURSE_SEM2_HARD,3.0,0.01,-0.21
STU_290,11254,COURSE_SEM2_EASY,10.0,0.01,0.34
STU_290,11254,COURSE_SEM4_HARD,2.0,0.01,-0.45
STU_290,11254,COURSE_SEM4_EASY,9.5,0.01,0.16
STU_291,11143,COURSE_SEM1_MEDIUM,0.0,0.01,-0.07
STU_291,11143,COURSE_SEM2_MEDIUM,1.0,0.01,-0.01
STU_291,11143,COURSE_SEM2_HARD,0.0,0.01,-0.21
STU_291,11143,COURSE_SEM2_EASY,10.0,0.01,0.34
STU_291,11143,COURSE_SEM4_HARD,0.5,0.01,-0.45
STU_291,11143,COURSE_SEM4_EASY,2.0,0.01,0.16
STU_292,13672,COURSE_SEM1_MEDIUM,2.0,0.08,-0.0
STU_292,13672,COURSE_SEM2_MEDIUM,6.0,0.08,0.06
STU_292,13672,COURSE_SEM2_HARD,6.0,0.08,0.14
STU_292,13672,COURSE_SEM2_EASY,10.0,0.08,0.41
STU_292,13672,COURSE_SEM4_HARD,10.0,0.08,0.16
STU_292,13672,COURSE_SEM4_EASY,10.0,0.08,0.23
STU_293,11743,COURSE_SEM1_MEDIUM,2.5,-0.01,-0.09
STU_293,11743,COURSE_SEM2_MEDIUM,5.0,-0.01,-0.03
STU_293,11743,COURSE_SEM2_HARD,3.5,-0.01,-0.23
STU_293,11743,COURSE_SEM2_EASY,9.0,-0.01,0.32
STU_293,11743,COURSE_SEM4_HARD,1.0,-0.01,-0.47
STU_293,11743,COURSE_SEM4_EASY,10.0,-0.01,0.14
STU_294,11251,COURSE_SEM1_MEDIUM,6.0,0.01,-0.07
STU_294,11251,COURSE_SEM2_MEDIUM,1.5,0.01,-0.01
STU_294,11251,COURSE_SEM2_HARD,10.0,0.01,-0.21
STU_294,11251,COURSE_SEM2_EASY,10.0,0.01,0.34
STU_294,11251,COURSE_SEM4_HARD,0.0,0.01,-0.45
STU_294,11251,COURSE_SEM4_EASY,9.5,0.01,0.16
STU_295,11742,COURSE_SEM1_MEDIUM,10.0,0.09,0.01
STU_295,11742,COURSE_SEM2_MEDIUM,3.0,0.09,0.07
STU_295,11742,COURSE_SEM2_HARD,10.0,0.09,0.15
STU_295,11742,COURSE_SEM2_EASY,8.0,0.09,0.42
STU_295,11742,COURSE_SEM4_HARD,10.0,0.09,0.17
STU_295,11742,COURSE_SEM4_EASY,6.0,0.09,0.24
STU_296,11253,COURSE_SEM1_MEDIUM,9.5,-0.01,-0.09
STU_296,11253,COURSE_SEM2_MEDIUM,1.5,-0.01,-0.03
STU_296,11253,COURSE_SEM2_HARD,10.0,-0.01,0.05
STU_296,11253,COURSE_SEM2_EASY,10.0,-0.01,0.32
STU_296,11253,COURSE_SEM4_HARD,10.0,-0.01,0.07
STU_296,11253,COURSE_SEM4_EASY,9.5,-0.01,0.14
STU_297,11741,COURSE_SEM1_MEDIUM,2.0,-0.0,-0.08
STU_297,11741,COURSE_SEM2_MEDIUM,1.0,-0.0,-0.02
STU_297,11741,COURSE_SEM2_HARD,1.5,-0.0,0.06
STU_297,11741,COURSE_SEM2_EASY,7.5,-0.0,0.33
STU_297,11741,COURSE_SEM4_HARD,0.0,-0.0,-0.46
STU_297,11741,COURSE_SEM4_EASY,6.5,-0.0,0.15
STU_298,15342,COURSE_SEM1_MEDIUM,1.5,0.07,-0.01
STU_298,15342,COURSE_SEM2_MEDIUM,4.5,0.07,0.05
STU_298,15342,COURSE_SEM2_HARD,10.0,0.07,0.13
STU_298,15342,COURSE_SEM2_EASY,7.0,0.07,0.4
STU_298,15342,COURSE_SEM4_HARD,0.0,0.07,-0.39
STU_298,15342,COURSE_SEM4_EASY,9.0,0.07,0.22
STU_299,10554,COURSE_SEM1_MEDIUM,3.0,0.02,-0.06
STU_299,10554,COURSE_SEM2_MEDIUM,10.0,0.02,-0.0
STU_299,10554,COURSE_SEM2_HARD,0.0,0.02,-0.2
STU_299,10554,COURSE_SEM2_EASY,7.0,0.02,0.35
STU_299,10554,COURSE_SEM4_HARD,3.0,0.02,-0.44
STU_299,10554,COURSE_SEM4_EASY,10.0,0.02,0.17
STU_300,11851,COURSE_SEM1_MEDIUM,7.0,0.02,-0.06
STU_300,11851,COURSE_SEM2_MEDIUM,10.0,0.02,-0.0
STU_300,11851,COURSE_SEM2_HARD,2.0,0.02,-0.2
STU_300,11851,COURSE_SEM2_EASY,8.5,0.02,0.35
STU_300,11851,COURSE_SEM4_HARD,7.0,0.02,-0.44
STU_300,11851,COURSE_SEM4_EASY,6.5,0.02,0.17
